,sample,RNASE_P,E_gene,N1_gene,ORF1a,Barcode,position in the plate,RNA_sample,E,N
0,BD0018,17426.0,5526.0,21.0,7.0,CTCACCTCTA,A01,0,,
1,BD0019,4400.0,294.0,121.0,2.0,GATCGCGTAA,B01,0,,
2,BD0020,12471.0,4332.0,12.0,2.0,AGAGCCAGTA,C01,0,,
3,BD0021,3074.0,2960.0,40.0,0.0,GGAAGAAGAA,D01,0,,
4,BD0022,5507.0,1738.0,104.0,1.0,CCTTGAAGAA,E01,0,,
5,BD0023,3014.0,87.0,10.0,0.0,TTGCCAAGAA,F01,0,,
6,BD0024,8868.0,657.0,136.0,0.0,AAGCGGAGAA,G01,0,,
7,BD0025,13044.0,3102.0,68.0,0.0,CGTAACAGAA,H01,0,,
8,BD0026,2245.0,34342.0,7231.0,8099.0,TGACTCAGAA,A02,1,21.88,24.76
9,BD0027,1284.0,66877.0,29099.0,17095.0,GCCAATAGAA,B02,1,16.16,17.49
10,BD0028,1514.0,3449.0,990.0,489.0,CGGTCTAGAA,C02,1,24.63,26.94
11,BD0029,622.0,2543.0,449.0,121.0,CGACAAGGAA,D02,1,29.85,31.18
12,BD0030,4321.0,35595.0,5420.0,5522.0,ATGAGAGGAA,E02,1,24.16,27.31
13,BD0031,1962.0,540.0,135.0,57.0,GGTTCAGGAA,F02,1,27.15,29.04
14,BD0032,1398.0,55273.0,7729.0,9039.0,ACCGTAGGAA,G02,1,20.52,23.37
15,BD0033,1300.0,56222.0,10288.0,12586.0,TCAACCGGAA,H02,1,17.85,20.44
16,BD0034,2751.0,144360.0,42361.0,50029.0,CTATTCGGAA,A03,1,17.15,19.36
17,BD0035,3317.0,12107.0,4584.0,2831.0,TTCTGTGGAA,B03,1,21.65,23.99
18,BD0036,4288.0,481.0,87.0,1.0,GAACTTGGAA,C03,1,32.3,34.02
19,BD0037,265.0,6519.0,2789.0,828.0,TCTCAACGAA,D03,1,24.92,26.88
20,BD0038,1977.0,35766.0,10401.0,1792.0,AATGCACGAA,E03,1,22.19,24.04
21,BD0039,2988.0,26356.0,10679.0,1818.0,AGCCAGCGAA,F03,1,23.81,24.67
22,BD0040,6341.0,1036.0,230.0,21.0,CTTCGGCGAA,G03,1,32.11,33.45
23,BD0041,942.0,104883.0,12726.0,20009.0,TAGGACCGAA,H03,1,17.94,21.3
24,BD0042,1726.0,82169.0,16212.0,10374.0,CCGAGTCGAA,A04,1,19.61,21.88
25,BD0043,5276.0,2921.0,378.0,227.0,ATGGTTCGAA,B04,1,28.07,30.6
26,BD0044,1384.0,24785.0,3625.0,3843.0,TGGTAGTGAA,C04,1,21.52,24.95
27,BD0045,1531.0,59802.0,8828.0,10254.0,TCCAGGTGAA,D04,1,18.51,20.76
28,BD0046,4085.0,44286.0,11178.0,4175.0,GCATGTTGAA,E04,1,20.91,23.97
29,BD0047,1373.0,14209.0,1936.0,1407.0,TCGAGAACAA,F04,1,23.93,27.04
30,BD0048,3688.0,450.0,35.0,3.0,GACACAACAA,G04,1,34.86,36.16
31,BD0049,16208.0,5174.0,1504.0,141.0,CAGAAGACAA,H04,1,27.96,30.31
32,BD0050,4720.0,70250.0,6546.0,8672.0,CCACGGACAA,A05,1,22.87,25.94
33,BD0051,5671.0,286.0,13.0,5.0,GTTCCGACAA,B05,1,30.64,33.17
34,BD0052,1813.0,231.0,1.0,0.0,TTGGTGACAA,C05,0,,
35,BD0053,9951.0,616.0,65.0,0.0,ACAATGGCAA,D05,0,,
36,BD0054,7899.0,516.0,203.0,0.0,CGCAGTGCAA,E05,0,,
37,BD0055,5538.0,473.0,55.0,1.0,CCATAACCAA,F05,0,,
38,BD0056,8986.0,205.0,35.0,1.0,AGTCTACCAA,G05,0,,
39,BD0057,4245.0,138.0,83.0,0.0,GAAGCGCCAA,H05,0,,
40,BD0058,4428.0,395.0,292.0,0.0,TACCTTCCAA,A06,0,,
41,BD0059,1610.0,15.0,49.0,1.0,TCCGCATCAA,B06,0,,
42,BD0060,2061.0,64.0,282.0,0.0,AGTACGTCAA,C06,0,,
43,BD0061,4926.0,1945.0,32.0,1.0,ACATCCTCAA,D06,0,,
44,BD0062,4413.0,559.0,201.0,0.0,GGAGATTCAA,E06,0,,
45,BD0063,6088.0,358.0,2.0,0.0,GGTGAGATAA,F06,0,,
46,BD0064,836.0,262.0,74.0,2.0,GCAACGATAA,G06,0,,
47,BD0065,2082.0,512.0,60.0,1.0,CTAGGCATAA,H06,0,,
48,BD0066,1549.0,36.0,85.0,6.0,TGGCGTATAA,A07,0,,
49,BD0067,12970.0,1079.0,110.0,1.0,CCAGAGGTAA,B07,0,,
50,BD0068,7436.0,469.0,12.0,0.0,AAGGTGGTAA,C07,0,,
51,BD0069,6650.0,72.0,1.0,0.0,GGCTAACTAA,D07,0,,
52,BD0070,6498.0,291.0,16.0,1.0,ATCGGACTAA,E07,0,,
53,BD0071,9226.0,1328.0,79.0,4.0,CAACTCCTAA,F07,0,,
54,BD0072,11590.0,256.0,10.0,3.0,CGTCTGTTAA,G07,0,,
55,BD0073,1083.0,58.0,473.0,0.0,GAGTATGCGA,H07,0,,
56,BD0074,3255.0,69.0,100.0,0.0,TTCACGCCGA,A08,0,,
57,BD0075,11625.0,436.0,24.0,1.0,AATTCCGTGA,B08,0,,
58,BD0076,1832.0,54.0,64.0,0.0,GCGATTGACA,C08,0,,
59,BD0077,4989.0,194.0,158.0,2.0,TGCTTGCACA,D08,0,,
60,BD0078,4854.0,231.0,53.0,38.0,TATGTAGGCA,E08,0,,
61,BD0079,3402.0,167.0,1658.0,0.0,GTTATACGCA,F08,0,,
62,BD0080,3469.0,38.0,16.0,0.0,GTCTCATGCA,G08,0,,
63,BD0081,7559.0,65.0,56.0,1.0,AAGACCATCA,H08,0,,
64,BD0082,999.0,145.0,101.0,0.0,GGCCTAGTCA,A09,0,,
65,BD0083,18268.0,830.0,73.0,0.0,CTTGTGCTCA,B09,0,,
66,BD0084,7497.0,14074.0,343.0,2.0,AACAGGTTCA,C09,0,,
67,BD0085,4073.0,449.0,95.0,1.0,TTGGAAGGTA,D09,0,,
68,BD0086,2442.0,98.0,383.0,0.0,TCGTATCGTA,E09,0,,
69,BD0087,8096.0,201.0,72.0,1.0,ACGCATACTA,F09,0,,
70,BD0088,4676.0,292.0,161.0,0.0,GTCCTGGCTA,G09,0,,
71,BD0089,2725.0,389.0,168.0,0.0,GTACCACCTA,H09,0,,
72,BD0090,12717.0,127.0,156.0,1.0,GAACAGTCTA,A10,0,,
73,BD0091,3190.0,57.0,31.0,0.0,GGCACCATTA,B10,0,,
74,BD0092,13528.0,86.0,14.0,6.0,CCGGTTATTA,C10,0,,
75,BD0093,10171.0,312.0,31.0,3.0,CATCCACTTA,D10,0,,
76,BD0094,14722.0,780.0,88.0,0.0,AGGAAGCTTA,E10,0,,
77,BD0095,13656.0,192.0,49.0,2.0,AGTTGCCTTA,F10,0,,
78,BD0096,6796.0,104.0,51.0,0.0,GTGCTATTAG,G10,0,,
79,BD0097,3086.0,277.0,1324.0,0.0,GACATTGAGG,H10,0,,
80,BD0098,5627.0,105.0,7.0,11.0,TTAGCTTAGG,A11,0,,
81,BD0099,5361.0,110.0,25.0,0.0,TTCCTAACGG,B11,0,,
82,BD0100,12373.0,4018.0,365.0,0.0,ATACCGACGG,C11,0,,
83,BD0101,2483.0,303.0,76.0,3.0,TGTAAGGCGG,D11,0,,
84,BD0102,5002.0,2035.0,1162.0,0.0,ATTATGCCGG,E11,0,,
85,BD0103,8519.0,651.0,32.0,0.0,TCTTCTCCGG,F11,0,,
86,BD0104,7813.0,1286.0,94.0,1.0,TAAGAATCGG,G11,0,,
87,BD0105,5330.0,95.0,963.0,0.0,GTTCGTTCGG,H11,0,,
88,BD0106,21725.0,2419.0,12.0,1.0,CTGTCGATGG,A12,0,,
89,BD0107,1809.0,25.0,35.0,0.0,GCGCTTATGG,B12,0,,
90,BD0108,8346.0,456.0,140.0,6.0,CATATAGTGG,C12,0,,
91,BD0109,3630.0,334.0,63.0,1.0,GTAGTGGTGG,D12,0,,
92,BD0110,3369.0,102.0,82.0,0.0,AAGTTACTGG,E12,0,,
93,BD0111,7297.0,162.0,35.0,0.0,GTTAATCTGG,F12,0,,
94,BD0112,14828.0,1251.0,64.0,0.0,CATCGTCTGG,G12,0,,
95,BD0113,2141.0,291.0,8.0,0.0,TCAGTTCGCG,H12,0,,
0,BD0018,8367.0,228684.0,36516.0,13368.0,CTCACCTCTA,A01,1,19.19,22.17
1,BD0019,6102.0,695.0,404.0,5.0,GATCGCGTAA,B01,1,30.6,33.22
2,BD0020,6547.0,120178.0,17936.0,1387.0,AGAGCCAGTA,C01,1,20.4,23.11
3,BD0021,9255.0,12555.0,5140.0,74.0,GGAAGAAGAA,D01,1,25.03,27.47
4,BD0022,4719.0,121743.0,17504.0,4583.0,CCTTGAAGAA,E01,1,17.91,20.72
5,BD0023,1889.0,536.0,481.0,9.0,TTGCCAAGAA,F01,1,28.66,30.59
6,BD0024,1874.0,411.0,259.0,2.0,AAGCGGAGAA,G01,1,30.74,32.62
7,BD0025,2663.0,99592.0,14904.0,1564.0,CGTAACAGAA,H01,1,21.67,25.68
8,BD0026,6.0,7.0,0.0,0.0,TGACTCAGAA,A02,1,21.1,23.11
9,BD0027,15.0,33.0,3.0,0.0,GCCAATAGAA,B02,1,29.87,32.09
10,BD0028,7819.0,78600.0,9921.0,2680.0,CGGTCTAGAA,C02,1,21.67,25.1
11,BD0029,12320.0,997.0,845.0,13.0,CGACAAGGAA,D02,1,31.18,32.08
12,BD0030,9689.0,87776.0,9890.0,1584.0,ATGAGAGGAA,E02,1,22.94,26.75
13,BD0031,4911.0,72.0,11.0,0.0,GGTTCAGGAA,F02,1,32.83,35.15
14,BD0032,3527.0,21766.0,6821.0,177.0,ACCGTAGGAA,G02,1,22.42,23.87
15,BD0033,1714.0,9507.0,3406.0,127.0,TCAACCGGAA,H02,1,18.79,19.42
16,BD0034,19334.0,81833.0,26242.0,6788.0,CTATTCGGAA,A03,1,21.53,24.17
17,BD0035,7566.0,4217.0,1717.0,35.0,TTCTGTGGAA,B03,1,25.2,28.03
18,BD0036,3995.0,128790.0,24188.0,13736.0,GAACTTGGAA,C03,1,14.79,18.17
19,BD0037,3544.0,85546.0,16139.0,2428.0,TCTCAACGAA,D03,1,13.47,16.42
20,BD0038,12937.0,5282.0,2579.0,64.0,AATGCACGAA,E03,1,28.09,29.61
21,BD0039,5626.0,224008.0,33063.0,19492.0,AGCCAGCGAA,F03,1,12.54,16.71
22,BD0040,8576.0,113.0,136.0,1.0,CTTCGGCGAA,G03,0,,
23,BD0041,5918.0,187.0,54.0,1.0,TAGGACCGAA,H03,0,,
24,BD0042,1396.0,70.0,2.0,2.0,CCGAGTCGAA,A04,0,,
25,BD0043,5018.0,885.0,15.0,2.0,ATGGTTCGAA,B04,0,,
26,BD0044,4144.0,175.0,10.0,0.0,TGGTAGTGAA,C04,0,,
27,BD0045,5355.0,311.0,20.0,0.0,TCCAGGTGAA,D04,0,,
28,BD0046,5797.0,198.0,5.0,0.0,GCATGTTGAA,E04,0,,
29,BD0047,16.0,52.0,2.0,0.0,TCGAGAACAA,F04,0,,
30,BD0048,8130.0,147.0,36.0,0.0,GACACAACAA,G04,0,,
31,BD0049,4417.0,546.0,102.0,0.0,CAGAAGACAA,H04,0,,
32,BD0050,11322.0,422.0,40.0,1.0,CCACGGACAA,A05,0,,
33,BD0051,0.0,0.0,0.0,0.0,GTTCCGACAA,B05,0,,
34,BD0052,2690.0,217.0,2.0,1.0,TTGGTGACAA,C05,0,,
35,BD0053,8727.0,758.0,26.0,1.0,ACAATGGCAA,D05,0,,
36,BD0054,18424.0,1549.0,29.0,0.0,CGCAGTGCAA,E05,0,,
37,BD0055,13763.0,1519.0,25.0,1.0,CCATAACCAA,F05,0,,
38,BD0056,12893.0,166.0,19.0,0.0,AGTCTACCAA,G05,0,,
39,BD0057,7063.0,163.0,5.0,0.0,GAAGCGCCAA,H05,0,,
40,BD0058,5899.0,231.0,13.0,0.0,TACCTTCCAA,A06,0,,
41,BD0059,2560.0,65.0,14.0,1.0,TCCGCATCAA,B06,0,,
42,BD0060,2031.0,301.0,44.0,0.0,AGTACGTCAA,C06,0,,
43,BD0061,4368.0,4428.0,27.0,1.0,ACATCCTCAA,D06,0,,
44,BD0062,11853.0,488.0,147.0,0.0,GGAGATTCAA,E06,0,,
45,BD0063,7107.0,493.0,42.0,0.0,GGTGAGATAA,F06,0,,
46,BD0064,1890.0,136.0,104.0,2.0,GCAACGATAA,G06,0,,
47,BD0065,4833.0,258.0,6.0,0.0,CTAGGCATAA,H06,0,,
48,BD0066,13.0,10.0,0.0,0.0,TGGCGTATAA,A07,0,,
49,BD0067,18314.0,1739.0,15.0,2.0,CCAGAGGTAA,B07,0,,
50,BD0068,5292.0,852.0,7.0,0.0,AAGGTGGTAA,C07,0,,
51,BD0069,11449.0,123.0,7.0,0.0,GGCTAACTAA,D07,0,,
52,BD0070,10569.0,431.0,14.0,2.0,ATCGGACTAA,E07,0,,
53,BD0071,13237.0,199.0,76.0,7.0,CAACTCCTAA,F07,0,,
54,BD0072,10097.0,302.0,4.0,1.0,CGTCTGTTAA,G07,0,,
55,BD0073,1.0,4.0,4.0,1.0,GAGTATGCGA,H07,0,,
56,BD0074,8868.0,91.0,14.0,4.0,TTCACGCCGA,A08,0,,
57,BD0075,12769.0,362.0,2.0,0.0,AATTCCGTGA,B08,0,,
58,BD0076,3395.0,18.0,0.0,1.0,GCGATTGACA,C08,0,,
59,BD0077,5446.0,137.0,58.0,0.0,TGCTTGCACA,D08,0,,
60,BD0078,8491.0,27.0,5.0,1.0,TATGTAGGCA,E08,0,,
61,BD0079,6749.0,24.0,0.0,0.0,GTTATACGCA,F08,0,,
62,BD0080,5786.0,2.0,1.0,1.0,GTCTCATGCA,G08,0,,
63,BD0081,7202.0,24.0,19.0,1.0,AAGACCATCA,H08,0,,
64,BD0082,6704.0,133.0,10.0,0.0,GGCCTAGTCA,A09,0,,
65,BD0083,12624.0,1225.0,49.0,2.0,CTTGTGCTCA,B09,0,,
66,BD0084,14463.0,148.0,27.0,1.0,AACAGGTTCA,C09,0,,
67,BD0085,3099.0,81.0,12.0,0.0,TTGGAAGGTA,D09,0,,
68,BD0086,2845.0,64.0,69.0,0.0,TCGTATCGTA,E09,0,,
69,BD0087,2638.0,72.0,5.0,1.0,ACGCATACTA,F09,0,,
70,BD0088,0.0,0.0,0.0,0.0,GTCCTGGCTA,G09,0,,
71,BD0089,25.0,32.0,6.0,1.0,GTACCACCTA,H09,0,,
72,BD0090,16664.0,144.0,33.0,6.0,GAACAGTCTA,A10,0,,
73,BD0091,13378.0,57.0,68.0,2.0,GGCACCATTA,B10,0,,
74,BD0092,14390.0,34.0,17.0,0.0,CCGGTTATTA,C10,0,,
75,BD0093,6538.0,154.0,28.0,1.0,CATCCACTTA,D10,0,,
76,BD0094,20214.0,154.0,26.0,0.0,AGGAAGCTTA,E10,0,,
77,BD0095,174.0,28.0,9.0,1.0,AGTTGCCTTA,F10,0,,
78,BD0096,0.0,0.0,0.0,0.0,GTGCTATTAG,G10,0,,
79,BD0097,4162.0,26.0,4.0,1.0,GACATTGAGG,H10,0,,
80,BD0098,1837.0,337.0,12.0,21.0,TTAGCTTAGG,A11,0,,
81,BD0099,4955.0,96.0,37.0,0.0,TTCCTAACGG,B11,0,,
82,BD0100,23764.0,2300.0,234.0,3.0,ATACCGACGG,C11,0,,
83,BD0101,8924.0,796.0,45.0,1.0,TGTAAGGCGG,D11,0,,
84,BD0102,13290.0,744.0,63.0,0.0,ATTATGCCGG,E11,0,,
85,BD0103,9782.0,651.0,24.0,0.0,TCTTCTCCGG,F11,0,,
86,BD0104,5997.0,532.0,71.0,3.0,TAAGAATCGG,G11,0,,
87,BD0105,11643.0,36.0,48.0,0.0,GTTCGTTCGG,H11,0,,
88,BD0106,6468.0,604.0,260.0,2.0,CTGTCGATGG,A12,0,,
89,BD0107,1334.0,20.0,45.0,2.0,GCGCTTATGG,B12,0,,
90,BD0108,10921.0,517.0,245.0,3.0,CATATAGTGG,C12,0,,
91,BD0109,3687.0,474.0,163.0,2.0,GTAGTGGTGG,D12,0,,
92,BD0110,2669.0,229.0,28.0,1.0,AAGTTACTGG,E12,0,,
93,BD0111,6574.0,203.0,76.0,3.0,GTTAATCTGG,F12,0,,
94,BD0112,4896.0,715.0,320.0,3.0,CATCGTCTGG,G12,0,,
95,BD0113,1669.0,154.0,7.0,0.0,TCAGTTCGCG,H12,0,,
0,BD0018,10110.0,125296.0,15221.0,6475.0,CTCACCTCTA,A01,1,21.62,25.2
1,BD0019,4503.0,76121.0,13162.0,4204.0,GATCGCGTAA,B01,1,19.61,22.58
2,BD0020,3.0,6.0,1.0,0.0,AGAGCCAGTA,C01,1,19.79,22.78
3,BD0021,3217.0,2912.0,25.0,7.0,GGAAGAAGAA,D01,0,,
4,BD0022,4625.0,2489.0,31.0,1.0,CCTTGAAGAA,E01,0,,
5,BD0023,1031.0,186.0,6.0,0.0,TTGCCAAGAA,F01,0,,
6,BD0024,1107.0,860.0,236.0,17.0,AAGCGGAGAA,G01,0,,
7,BD0025,2464.0,1545.0,37.0,1.0,CGTAACAGAA,H01,0,,
8,BD0026,3036.0,9655.0,5647.0,1148.0,TGACTCAGAA,A02,1,23.38,26.38
9,BD0027,2047.0,40370.0,15820.0,3783.0,GCCAATAGAA,B02,1,17.05,18.04
10,BD0028,575.0,378.0,28.0,10.0,CGGTCTAGAA,C02,0,,
11,BD0029,509.0,2695.0,39.0,11.0,CGACAAGGAA,D02,0,,
12,BD0030,0.0,0.0,0.0,0.0,ATGAGAGGAA,E02,0,,
13,BD0031,1199.0,103.0,2.0,0.0,GGTTCAGGAA,F02,0,,
14,BD0032,4442.0,283.0,269.0,1.0,ACCGTAGGAA,G02,0,,
15,BD0033,547.0,539.0,1353.0,1.0,TCAACCGGAA,H02,0,,
16,BD0034,0.0,0.0,0.0,0.0,CTATTCGGAA,A03,1,18.36,20.38
17,BD0035,0.0,0.0,0.0,0.0,TTCTGTGGAA,B03,1,22.26,25.31
18,BD0036,236.0,434.0,20.0,5.0,GAACTTGGAA,C03,0,,
19,BD0037,1449.0,412.0,2.0,0.0,TCTCAACGAA,D03,0,,
20,BD0038,5556.0,219.0,3.0,1.0,AATGCACGAA,E03,0,,
21,BD0039,1668.0,525.0,46.0,0.0,AGCCAGCGAA,F03,0,,
22,BD0040,0.0,0.0,0.0,0.0,CTTCGGCGAA,G03,0,,
23,BD0041,4072.0,262.0,13.0,0.0,TAGGACCGAA,H03,0,,
24,BD0042,2356.0,65342.0,13588.0,4866.0,CCGAGTCGAA,A04,1,24.91,28.69
25,BD0043,1732.0,1555.0,274.0,20.0,ATGGTTCGAA,B04,1,30.42,33.52
26,BD0044,493.0,56.0,5.0,0.0,TGGTAGTGAA,C04,0,,
27,BD0045,1379.0,76.0,6.0,0.0,TCCAGGTGAA,D04,0,,
28,BD0046,0.0,0.0,0.0,0.0,GCATGTTGAA,E04,0,,
29,BD0047,0.0,0.0,0.0,0.0,TCGAGAACAA,F04,0,,
30,BD0048,0.0,0.0,0.0,0.0,GACACAACAA,G04,0,,
31,BD0049,0.0,0.0,0.0,0.0,CAGAAGACAA,H04,0,,
32,BD0050,635.0,17708.0,1741.0,1882.0,CCACGGACAA,A05,1,19.19,20.9
33,BD0051,0.0,0.0,0.0,0.0,GTTCCGACAA,B05,1,27.6,30.65
34,BD0052,103.0,28.0,0.0,0.0,TTGGTGACAA,C05,0,,
35,BD0053,6356.0,264.0,4.0,0.0,ACAATGGCAA,D05,0,,
36,BD0054,4037.0,2372.0,29.0,2.0,CGCAGTGCAA,E05,0,,
37,BD0055,3164.0,1061.0,3.0,0.0,CCATAACCAA,F05,0,,
38,BD0056,0.0,0.0,0.0,0.0,AGTCTACCAA,G05,0,,
39,BD0057,2308.0,130.0,1.0,1.0,GAAGCGCCAA,H05,0,,
40,BD0058,4488.0,116757.0,26238.0,9139.0,TACCTTCCAA,A06,1,14.67,17.17
41,BD0059,4315.0,4985.0,1427.0,175.0,TCCGCATCAA,B06,1,26.18,29.15
42,BD0060,0.0,0.0,0.0,0.0,AGTACGTCAA,C06,0,,
43,BD0061,1753.0,2765.0,9.0,1.0,ACATCCTCAA,D06,0,,
44,BD0062,4618.0,171.0,40.0,0.0,GGAGATTCAA,E06,0,,
45,BD0063,3463.0,737.0,0.0,0.0,GGTGAGATAA,F06,0,,
46,BD0064,4261.0,149.0,1.0,0.0,GCAACGATAA,G06,0,,
47,BD0065,3383.0,421.0,14.0,0.0,CTAGGCATAA,H06,0,,
48,BD0066,4320.0,13061.0,3932.0,504.0,TGGCGTATAA,A07,1,24.74,27.81
49,BD0067,8060.0,157118.0,27703.0,15354.0,CCAGAGGTAA,B07,1,16.72,19.26
50,BD0068,1344.0,863.0,124.0,1.0,AAGGTGGTAA,C07,0,,
51,BD0069,395.0,99.0,19.0,0.0,GGCTAACTAA,D07,0,,
52,BD0070,4740.0,623.0,6.0,4.0,ATCGGACTAA,E07,0,,
53,BD0071,2349.0,402.0,35.0,1.0,CAACTCCTAA,F07,0,,
54,BD0072,2370.0,42.0,0.0,0.0,CGTCTGTTAA,G07,0,,
55,BD0073,0.0,0.0,0.0,0.0,GAGTATGCGA,H07,0,,
56,BD0074,2221.0,106356.0,15283.0,12414.0,TTCACGCCGA,A08,1,16.86,19.3
57,BD0075,10855.0,947.0,325.0,10.0,AATTCCGTGA,B08,1,32.21,33.15
58,BD0076,587.0,73.0,25.0,1.0,GCGATTGACA,C08,0,,
59,BD0077,4423.0,95.0,10.0,0.0,TGCTTGCACA,D08,0,,
60,BD0078,4642.0,455.0,6.0,7.0,TATGTAGGCA,E08,0,,
61,BD0079,708.0,217.0,2.0,1.0,GTTATACGCA,F08,0,,
62,BD0080,6872.0,91.0,0.0,0.0,GTCTCATGCA,G08,0,,
63,BD0081,2781.0,241.0,157.0,1.0,AAGACCATCA,H08,0,,
64,BD0082,1819.0,114464.0,16462.0,13020.0,GGCCTAGTCA,A09,1,18.49,21.92
65,BD0083,10170.0,100510.0,9676.0,2868.0,CTTGTGCTCA,B09,1,23.24,27.99
66,BD0084,5455.0,2474.0,27.0,2.0,AACAGGTTCA,C09,0,,
67,BD0085,2308.0,446.0,3.0,0.0,TTGGAAGGTA,D09,0,,
68,BD0086,3135.0,160.0,194.0,1.0,TCGTATCGTA,E09,0,,
69,BD0087,3618.0,55.0,33.0,3.0,ACGCATACTA,F09,0,,
70,BD0088,0.0,0.0,0.0,0.0,GTCCTGGCTA,G09,0,,
71,BD0089,0.0,0.0,0.0,0.0,GTACCACCTA,H09,0,,
72,BD0090,4184.0,102304.0,30565.0,23423.0,GAACAGTCTA,A10,1,14.59,18.41
73,BD0091,2423.0,68127.0,12407.0,11824.0,GGCACCATTA,B10,1,18.32,22.18
74,BD0092,2939.0,48.0,8.0,0.0,CCGGTTATTA,C10,0,,
75,BD0093,179.0,118.0,17.0,3.0,CATCCACTTA,D10,0,,
76,BD0094,8737.0,80.0,29.0,0.0,AGGAAGCTTA,E10,0,,
77,BD0095,0.0,0.0,0.0,0.0,AGTTGCCTTA,F10,0,,
78,BD0096,1764.0,5.0,3.0,0.0,GTGCTATTAG,G10,0,,
79,BD0097,0.0,0.0,0.0,0.0,GACATTGAGG,H10,0,,
80,BD0098,4653.0,395.0,34.0,3.0,TTAGCTTAGG,A11,1,31.43,35.92
81,BD0099,6068.0,4707.0,1993.0,225.0,TTCCTAACGG,B11,1,26.98,29.96
82,BD0100,5299.0,4304.0,274.0,0.0,ATACCGACGG,C11,0,,
83,BD0101,2036.0,806.0,28.0,4.0,TGTAAGGCGG,D11,0,,
84,BD0102,3316.0,707.0,57.0,0.0,ATTATGCCGG,E11,0,,
85,BD0103,1865.0,408.0,4.0,0.0,TCTTCTCCGG,F11,0,,
86,BD0104,5820.0,55.0,4.0,0.0,TAAGAATCGG,G11,0,,
87,BD0105,5453.0,36.0,58.0,4.0,GTTCGTTCGG,H11,0,,
88,BD0106,6248.0,119201.0,24953.0,21994.0,CTGTCGATGG,A12,1,18.47,21.96
89,BD0107,1437.0,26931.0,3588.0,2928.0,GCGCTTATGG,B12,1,21.14,24.79
90,BD0108,3262.0,350.0,2.0,6.0,CATATAGTGG,C12,0,,
91,BD0109,2724.0,101.0,1.0,0.0,GTAGTGGTGG,D12,0,,
92,BD0110,1716.0,218.0,6.0,2.0,AAGTTACTGG,E12,0,,
93,BD0111,5893.0,33.0,2.0,1.0,GTTAATCTGG,F12,0,,
94,BD0112,4049.0,1296.0,14.0,6.0,CATCGTCTGG,G12,0,,
95,BD0113,1255.0,127.0,1.0,0.0,TCAGTTCGCG,H12,0,,
0,BD0018,12512.0,922.0,59.0,4.0,CTCACCTCTA,A01,0,,
1,BD0019,9807.0,209.0,11.0,2.0,GATCGCGTAA,B01,0,,
2,BD0020,11828.0,2226.0,28.0,0.0,AGAGCCAGTA,C01,0,,
3,BD0021,5740.0,2135.0,27.0,1.0,GGAAGAAGAA,D01,0,,
4,BD0022,6449.0,363.0,24.0,0.0,CCTTGAAGAA,E01,0,,
5,BD0023,1901.0,58.0,0.0,0.0,TTGCCAAGAA,F01,0,,
6,BD0024,4740.0,5137.0,1473.0,298.0,AAGCGGAGAA,G01,1,26.72,30.05
7,BD0025,4557.0,533.0,270.0,10.0,CGTAACAGAA,H01,1,30.3,34.24
8,BD0026,774.0,173.0,19.0,2.0,TGACTCAGAA,A02,0,,
9,BD0027,7934.0,326.0,18.0,2.0,GCCAATAGAA,B02,0,,
10,BD0028,11931.0,355.0,1.0,0.0,CGGTCTAGAA,C02,0,,
11,BD0029,15878.0,1609.0,13.0,18.0,CGACAAGGAA,D02,0,,
12,BD0030,9223.0,1263.0,13.0,0.0,ATGAGAGGAA,E02,0,,
13,BD0031,9445.0,77.0,3.0,0.0,GGTTCAGGAA,F02,0,,
14,BD0032,13971.0,3947.0,2081.0,76.0,ACCGTAGGAA,G02,1,27.07,29.23
15,BD0033,2868.0,41065.0,11767.0,4655.0,TCAACCGGAA,H02,1,20.09,21.8
16,BD0034,19787.0,605.0,41.0,1.0,CTATTCGGAA,A03,0,,
17,BD0035,2189.0,426.0,65.0,14.0,TTCTGTGGAA,B03,0,,
18,BD0036,1307.0,788.0,35.0,6.0,GAACTTGGAA,C03,0,,
19,BD0037,5512.0,260.0,11.0,1.0,TCTCAACGAA,D03,0,,
20,BD0038,5786.0,1332.0,151.0,4.0,AATGCACGAA,E03,0,,
21,BD0039,3682.0,1252.0,77.0,1.0,AGCCAGCGAA,F03,0,,
22,BD0040,10491.0,88651.0,28313.0,19941.0,CTTCGGCGAA,G03,1,20.5,23.43
23,BD0041,0.0,0.0,0.0,0.0,TAGGACCGAA,H03,1,22.9,22.84
24,BD0042,1639.0,2362.0,70.0,5.0,CCGAGTCGAA,A04,0,,
25,BD0043,8601.0,344.0,7.0,1.0,ATGGTTCGAA,B04,0,,
26,BD0044,4922.0,271.0,9.0,0.0,TGGTAGTGAA,C04,0,,
27,BD0045,7270.0,1805.0,11.0,0.0,TCCAGGTGAA,D04,0,,
28,BD0046,5325.0,1544.0,15.0,1.0,GCATGTTGAA,E04,0,,
29,BD0047,1747.0,333.0,54.0,0.0,TCGAGAACAA,F04,0,,
30,BD0048,7142.0,971.0,296.0,47.0,GACACAACAA,G04,1,30.09,32.75
31,BD0049,11434.0,42232.0,30733.0,11298.0,CAGAAGACAA,H04,1,22.14,23.44
32,BD0050,16342.0,2587.0,44.0,38.0,CCACGGACAA,A05,0,,
33,BD0051,6222.0,576.0,12.0,0.0,GTTCCGACAA,B05,0,,
34,BD0052,3589.0,349.0,4.0,0.0,TTGGTGACAA,C05,0,,
35,BD0053,13347.0,1182.0,44.0,0.0,ACAATGGCAA,D05,0,,
36,BD0054,9261.0,3188.0,40.0,5.0,CGCAGTGCAA,E05,0,,
37,BD0055,12185.0,2892.0,32.0,0.0,CCATAACCAA,F05,0,,
38,BD0056,16746.0,454.0,195.0,6.0,AGTCTACCAA,G05,1,30.97,33.21
39,BD0057,3213.0,25677.0,6563.0,3226.0,GAAGCGCCAA,H05,1,23.1,24.47
40,BD0058,16520.0,1305.0,35.0,2.0,TACCTTCCAA,A06,0,,
41,BD0059,6427.0,605.0,38.0,2.0,TCCGCATCAA,B06,0,,
42,BD0060,10478.0,770.0,87.0,0.0,AGTACGTCAA,C06,0,,
43,BD0061,9325.0,3870.0,50.0,1.0,ACATCCTCAA,D06,0,,
44,BD0062,9713.0,475.0,351.0,0.0,GGAGATTCAA,E06,0,,
45,BD0063,11350.0,900.0,13.0,0.0,GGTGAGATAA,F06,0,,
46,BD0064,2867.0,70469.0,17206.0,24939.0,GCAACGATAA,G06,1,14.85,17.73
47,BD0065,1817.0,79589.0,12605.0,11093.0,CTAGGCATAA,H06,1,21.55,23.18
48,BD0066,7774.0,137.0,19.0,2.0,TGGCGTATAA,A07,0,,
49,BD0067,17682.0,1707.0,53.0,5.0,CCAGAGGTAA,B07,0,,
50,BD0068,5919.0,1712.0,25.0,1.0,AAGGTGGTAA,C07,0,,
51,BD0069,7695.0,439.0,7.0,3.0,GGCTAACTAA,D07,0,,
52,BD0070,14504.0,1469.0,27.0,8.0,ATCGGACTAA,E07,0,,
53,BD0071,25333.0,634.0,37.0,5.0,CAACTCCTAA,F07,0,,
54,BD0072,14444.0,372.0,93.0,1.0,CGTCTGTTAA,G07,1,32.0,36.37
55,BD0073,1671.0,85639.0,19676.0,15955.0,GAGTATGCGA,H07,1,16.46,19.84
56,BD0074,9221.0,242.0,19.0,3.0,TTCACGCCGA,A08,0,,
57,BD0075,10543.0,1833.0,4.0,0.0,AATTCCGTGA,B08,0,,
58,BD0076,3132.0,124.0,5.0,4.0,GCGATTGACA,C08,0,,
59,BD0077,8883.0,125.0,4.0,1.0,TGCTTGCACA,D08,0,,
60,BD0078,3683.0,507.0,14.0,2.0,TATGTAGGCA,E08,0,,
61,BD0079,10350.0,500.0,83.0,13.0,GTTATACGCA,F08,0,,
62,BD0080,7820.0,137.0,76.0,2.0,GTCTCATGCA,G08,1,34.08,35.83
63,BD0081,8788.0,90476.0,27135.0,15397.0,AAGACCATCA,H08,1,18.45,21.7
64,BD0082,2184.0,306.0,43.0,5.0,GGCCTAGTCA,A09,0,,
65,BD0083,13391.0,1761.0,32.0,4.0,CTTGTGCTCA,B09,0,,
66,BD0084,7312.0,8929.0,409.0,9.0,AACAGGTTCA,C09,0,,
67,BD0085,6441.0,1214.0,16.0,0.0,TTGGAAGGTA,D09,0,,
68,BD0086,4187.0,524.0,1213.0,1.0,TCGTATCGTA,E09,0,,
69,BD0087,8528.0,1116.0,176.0,4.0,ACGCATACTA,F09,0,,
70,BD0088,6216.0,1368.0,1465.0,128.0,GTCCTGGCTA,G09,1,28.93,29.92
71,BD0089,2519.0,120541.0,34770.0,23352.0,GTACCACCTA,H09,1,12.14,14.76
72,BD0090,11021.0,190.0,37.0,4.0,GAACAGTCTA,A10,0,,
73,BD0091,9365.0,78.0,23.0,2.0,GGCACCATTA,B10,0,,
74,BD0092,10232.0,74.0,22.0,4.0,CCGGTTATTA,C10,0,,
75,BD0093,469.0,257.0,72.0,15.0,CATCCACTTA,D10,0,,
76,BD0094,16305.0,534.0,161.0,0.0,AGGAAGCTTA,E10,0,,
77,BD0095,6422.0,441.0,81.0,2.0,AGTTGCCTTA,F10,0,,
78,BD0096,2691.0,29686.0,9340.0,6511.0,GTGCTATTAG,G10,1,22.29,24.67
79,BD0097,4754.0,64483.0,14237.0,20753.0,GACATTGAGG,H10,1,18.55,21.99
80,BD0098,6944.0,272.0,20.0,16.0,TTAGCTTAGG,A11,0,,
81,BD0099,5585.0,220.0,31.0,2.0,TTCCTAACGG,B11,0,,
82,BD0100,3401.0,5448.0,71.0,3.0,ATACCGACGG,C11,0,,
83,BD0101,6936.0,771.0,57.0,5.0,TGTAAGGCGG,D11,0,,
84,BD0102,9663.0,2391.0,637.0,2.0,ATTATGCCGG,E11,0,,
85,BD0103,8521.0,1773.0,24.0,1.0,TCTTCTCCGG,F11,0,,
86,BD0104,8330.0,6419.0,6271.0,1283.0,TAAGAATCGG,G11,1,26.57,27.55
87,BD0105,2997.0,84239.0,20097.0,22247.0,GTTCGTTCGG,H11,1,1744.0,21.06
88,BD0106,21928.0,1804.0,50.0,6.0,CTGTCGATGG,A12,0,,
89,BD0107,5422.0,160.0,4.0,1.0,GCGCTTATGG,B12,0,,
90,BD0108,20862.0,1981.0,33.0,6.0,CATATAGTGG,C12,0,,
91,BD0109,5873.0,716.0,81.0,2.0,GTAGTGGTGG,D12,0,,
92,BD0110,7916.0,462.0,19.0,0.0,AAGTTACTGG,E12,0,,
93,BD0111,8809.0,428.0,23.0,1.0,GTTAATCTGG,F12,0,,
94,BD0112,7090.0,97595.0,35535.0,29059.0,CATCGTCTGG,G12,1,18.11,19.43
95,BD0113,2173.0,5479.0,1295.0,350.0,TCAGTTCGCG,H12,1,27.16,30.2
0,BD0018,25254.0,11428.0,27.0,13.0,CTCACCTCTA,A01,0,,
1,BD0019,4086.0,1052.0,61.0,0.0,GATCGCGTAA,B01,0,,
2,BD0020,5365.0,4801.0,144.0,3.0,AGAGCCAGTA,C01,0,,
3,BD0021,6501.0,4580.0,411.0,101.0,GGAAGAAGAA,D01,1,29.52,32.42
4,BD0022,9522.0,1773.0,304.0,2.0,CCTTGAAGAA,E01,1,32.18,33.52
5,BD0023,2498.0,370.0,2.0,0.0,TTGCCAAGAA,F01,0,,
6,BD0024,7866.0,710.0,28.0,0.0,AAGCGGAGAA,G01,0,,
7,BD0025,8087.0,1846.0,62.0,1.0,CGTAACAGAA,H01,0,,
8,BD0026,1885.0,572.0,47.0,3.0,TGACTCAGAA,A02,0,,
9,BD0027,2760.0,277.0,16.0,6.0,GCCAATAGAA,B02,0,,
10,BD0028,6791.0,439.0,3.0,3.0,CGGTCTAGAA,C02,0,,
11,BD0029,5216.0,159279.0,30551.0,27958.0,CGACAAGGAA,D02,1,15.67,18.53
12,BD0030,7572.0,1017.0,101.0,0.0,ATGAGAGGAA,E02,1,17.58,21.24
13,BD0031,2635.0,100.0,2.0,0.0,GGTTCAGGAA,F02,0,,
14,BD0032,5309.0,910.0,291.0,0.0,ACCGTAGGAA,G02,0,,
15,BD0033,3219.0,340.0,766.0,4.0,TCAACCGGAA,H02,0,,
16,BD0034,11477.0,1862.0,48.0,0.0,CTATTCGGAA,A03,0,,
17,BD0035,3091.0,492.0,65.0,69.0,TTCTGTGGAA,B03,0,,
18,BD0036,8671.0,939.0,18.0,2.0,GAACTTGGAA,C03,0,,
19,BD0037,745.0,81394.0,13164.0,14748.0,TCTCAACGAA,D03,1,14.76,18.46
20,BD0038,7106.0,10026.0,3218.0,466.0,AATGCACGAA,E03,1,25.53,28.17
21,BD0039,2769.0,997.0,80.0,0.0,AGCCAGCGAA,F03,0,,
22,BD0040,4587.0,797.0,240.0,14.0,CTTCGGCGAA,G03,0,,
23,BD0041,8054.0,1565.0,72.0,2.0,TAGGACCGAA,H03,0,,
24,BD0042,5269.0,1592.0,44.0,2.0,CCGAGTCGAA,A04,0,,
25,BD0043,3174.0,358.0,16.0,1.0,ATGGTTCGAA,B04,0,,
26,BD0044,3492.0,333.0,7.0,0.0,TGGTAGTGAA,C04,0,,
27,BD0045,1462.0,40269.0,8553.0,7798.0,TCCAGGTGAA,D04,1,20.21,22.41
28,BD0046,3108.0,1549.0,96.0,8.0,GCATGTTGAA,E04,1,31.88,34.25
29,BD0047,4116.0,448.0,14.0,1.0,TCGAGAACAA,F04,0,,
30,BD0048,3422.0,777.0,133.0,0.0,GACACAACAA,G04,0,,
31,BD0049,6402.0,2158.0,499.0,13.0,CAGAAGACAA,H04,0,,
32,BD0050,7479.0,2417.0,133.0,26.0,CCACGGACAA,A05,0,,
33,BD0051,7112.0,487.0,9.0,0.0,GTTCCGACAA,B05,0,,
34,BD0052,1392.0,399.0,7.0,0.0,TTGGTGACAA,C05,0,,
35,BD0053,4758.0,1382.0,954.0,36.0,ACAATGGCAA,D05,1,30.01,30.28
36,BD0054,3634.0,188502.0,27668.0,38356.0,CGCAGTGCAA,E05,1,15.07,20.0
37,BD0055,6915.0,4817.0,37.0,1.0,CCATAACCAA,F05,0,,
38,BD0056,7462.0,771.0,33.0,1.0,AGTCTACCAA,G05,0,,
39,BD0057,967.0,151.0,160.0,4.0,GAAGCGCCAA,H05,0,,
40,BD0058,3920.0,1683.0,102.0,1.0,TACCTTCCAA,A06,0,,
41,BD0059,2819.0,157.0,44.0,1.0,TCCGCATCAA,B06,0,,
42,BD0060,2101.0,318.0,266.0,1.0,AGTACGTCAA,C06,0,,
43,BD0061,7693.0,15463.0,4233.0,1611.0,ACATCCTCAA,D06,1,23.63,26.56
44,BD0062,8146.0,15429.0,5111.0,1596.0,GGAGATTCAA,E06,1,23.46,25.89
45,BD0063,4744.0,1746.0,4.0,0.0,GGTGAGATAA,F06,0,,
46,BD0064,2015.0,529.0,79.0,14.0,GCAACGATAA,G06,0,,
47,BD0065,3861.0,1349.0,109.0,11.0,CTAGGCATAA,H06,0,,
48,BD0066,2086.0,133.0,75.0,27.0,TGGCGTATAA,A07,0,,
49,BD0067,951.0,2853.0,47.0,24.0,CCAGAGGTAA,B07,0,,
50,BD0068,3920.0,2548.0,10.0,0.0,AAGGTGGTAA,C07,0,,
51,BD0069,9897.0,147.0,17.0,1.0,GGCTAACTAA,D07,1,33.46,36.78
52,BD0070,3367.0,123618.0,19341.0,24421.0,ATCGGACTAA,E07,1,16.51,20.08
53,BD0071,10858.0,3337.0,64.0,15.0,CAACTCCTAA,F07,0,,
54,BD0072,3575.0,721.0,18.0,5.0,CGTCTGTTAA,G07,0,,
55,BD0073,2652.0,643.0,1120.0,5.0,GAGTATGCGA,H07,0,,
56,BD0074,2871.0,165.0,42.0,1.0,TTCACGCCGA,A08,0,,
57,BD0075,3360.0,1744.0,33.0,2.0,AATTCCGTGA,B08,0,,
58,BD0076,337.0,146.0,191.0,0.0,GCGATTGACA,C08,0,,
59,BD0077,4063.0,79354.0,16276.0,11407.0,TGCTTGCACA,D08,1,17.02,20.02
60,BD0078,2124.0,67449.0,11575.0,11244.0,TATGTAGGCA,E08,1,18.02,21.57
61,BD0079,2568.0,381.0,1485.0,2.0,GTTATACGCA,F08,0,,
62,BD0080,8987.0,442.0,27.0,1.0,GTCTCATGCA,G08,0,,
63,BD0081,13307.0,1327.0,38.0,8.0,AAGACCATCA,H08,0,,
64,BD0082,3845.0,324.0,30.0,0.0,GGCCTAGTCA,A09,0,,
65,BD0083,5317.0,2284.0,22.0,2.0,CTTGTGCTCA,B09,0,,
66,BD0084,3285.0,5173.0,538.0,2.0,AACAGGTTCA,C09,0,,
67,BD0085,4446.0,1112.0,222.0,21.0,TTGGAAGGTA,D09,1,29.96,32.23
68,BD0086,2041.0,44189.0,5947.0,6778.0,TCGTATCGTA,E09,1,20.21,23.53
69,BD0087,2983.0,899.0,121.0,2.0,ACGCATACTA,F09,0,,
70,BD0088,5868.0,357.0,43.0,2.0,GTCCTGGCTA,G09,0,,
71,BD0089,6622.0,908.0,80.0,21.0,GTACCACCTA,H09,0,,
72,BD0090,2973.0,245.0,49.0,3.0,GAACAGTCTA,A10,0,,
73,BD0091,1835.0,53.0,36.0,4.0,GGCACCATTA,B10,0,,
74,BD0092,2789.0,119.0,37.0,21.0,CCGGTTATTA,C10,0,,
75,BD0093,2718.0,121241.0,31374.0,26091.0,CATCCACTTA,D10,1,14.36,17.58
76,BD0094,7128.0,95967.0,15495.0,9680.0,AGGAAGCTTA,E10,1,21.09,24.53
77,BD0095,3895.0,309.0,132.0,7.0,AGTTGCCTTA,F10,0,,
78,BD0096,4175.0,121.0,79.0,5.0,GTGCTATTAG,G10,0,,
79,BD0097,5617.0,396.0,739.0,13.0,GACATTGAGG,H10,0,,
80,BD0098,3649.0,266.0,16.0,77.0,TTAGCTTAGG,A11,0,,
81,BD0099,2092.0,105.0,36.0,2.0,TTCCTAACGG,B11,0,,
82,BD0100,2217.0,5681.0,194.0,3.0,ATACCGACGG,C11,0,,
83,BD0101,1084.0,119246.0,26442.0,20376.0,TGTAAGGCGG,D11,1,14.93,18.49
84,BD0102,9040.0,71938.0,11325.0,7435.0,ATTATGCCGG,E11,1,22.01,25.54
85,BD0103,5084.0,1050.0,24.0,0.0,TCTTCTCCGG,F11,0,,
86,BD0104,2513.0,1049.0,56.0,3.0,TAAGAATCGG,G11,0,,
87,BD0105,2081.0,102.0,1798.0,12.0,GTTCGTTCGG,H11,0,,
88,BD0106,4544.0,1193.0,42.0,10.0,CTGTCGATGG,A12,0,,
89,BD0107,2136.0,89.0,5.0,0.0,GCGCTTATGG,B12,0,,
90,BD0108,6453.0,1543.0,24.0,8.0,CATATAGTGG,C12,0,,
91,BD0109,8062.0,780.0,522.0,7.0,GTAGTGGTGG,D12,1,29.91,3165.0
92,BD0110,6871.0,1443.0,264.0,35.0,AAGTTACTGG,E12,1,28.96,31.69
93,BD0111,4194.0,497.0,8.0,1.0,GTTAATCTGG,F12,0,,
94,BD0112,14405.0,308.0,234.0,25.0,CATCGTCTGG,G12,0,,
95,BD0113,2989.0,269.0,3.0,5.0,TCAGTTCGCG,H12,0,,
0,BD0018,3417.0,106278.0,38476.0,19792.0,CTCACCTCTA,A01,1,18.49,20.01
1,BD0019,5117.0,4234.0,1611.0,247.0,GATCGCGTAA,B01,1,26.84,28.84
2,BD0020,10421.0,94336.0,15523.0,14550.0,AGAGCCAGTA,C01,1,20.33,23.42
3,BD0021,7771.0,2768.0,48.0,6.0,GGAAGAAGAA,D01,0,,
4,BD0022,9364.0,1252.0,39.0,18.0,CCTTGAAGAA,E01,0,,
5,BD0023,2968.0,177.0,7.0,0.0,TTGCCAAGAA,F01,0,,
6,BD0024,5233.0,686.0,311.0,2.0,AAGCGGAGAA,G01,0,,
7,BD0025,8922.0,2803.0,88.0,6.0,CGTAACAGAA,H01,0,,
8,BD0026,4672.0,205.0,36.0,3.0,TGACTCAGAA,A02,1,34.54,35.06
9,BD0027,2588.0,31468.0,7137.0,8093.0,GCCAATAGAA,B02,1,21.78,23.74
10,BD0028,4688.0,93534.0,15428.0,18629.0,CGGTCTAGAA,C02,1,14.8,17.48
11,BD0029,8037.0,1777.0,73.0,4.0,CGACAAGGAA,D02,0,,
12,BD0030,5940.0,961.0,101.0,0.0,ATGAGAGGAA,E02,0,,
13,BD0031,3229.0,84.0,8.0,0.0,GGTTCAGGAA,F02,0,,
14,BD0032,6604.0,2005.0,580.0,0.0,ACCGTAGGAA,G02,0,,
15,BD0033,6063.0,562.0,1359.0,22.0,TCAACCGGAA,H02,0,,
16,BD0034,11850.0,209.0,366.0,9.0,CTATTCGGAA,A03,1,32.75,35.09
17,BD0035,213.0,752.0,198.0,66.0,TTCTGTGGAA,B03,1,20.88,22.97
18,BD0036,4839.0,14240.0,4917.0,1958.0,GAACTTGGAA,C03,1,25.14,26.65
19,BD0037,2147.0,191.0,14.0,3.0,TCTCAACGAA,D03,0,,
20,BD0038,1306.0,254.0,81.0,0.0,AATGCACGAA,E03,0,,
21,BD0039,1259.0,283.0,167.0,0.0,AGCCAGCGAA,F03,0,,
22,BD0040,1630.0,88.0,442.0,0.0,CTTCGGCGAA,G03,0,,
23,BD0041,105.0,21.0,147.0,1.0,TAGGACCGAA,H03,0,,
24,BD0042,4821.0,104548.0,20945.0,17802.0,CCGAGTCGAA,A04,1,18.12,21.1
25,BD0043,0.0,0.0,0.0,0.0,ATGGTTCGAA,B04,1,19.26,20.66
26,BD0044,3997.0,7376.0,2522.0,1047.0,TGGTAGTGAA,C04,1,23.88,26.47
27,BD0045,6115.0,1549.0,53.0,9.0,TCCAGGTGAA,D04,0,,
28,BD0046,2369.0,674.0,40.0,0.0,GCATGTTGAA,E04,0,,
29,BD0047,2689.0,225.0,38.0,0.0,TCGAGAACAA,F04,0,,
30,BD0048,392.0,123.0,212.0,0.0,GACACAACAA,G04,0,,
31,BD0049,4225.0,684.0,59.0,0.0,CAGAAGACAA,H04,0,,
32,BD0050,7187.0,162886.0,21734.0,50572.0,CCACGGACAA,A05,1,14.83,18.21
33,BD0051,6465.0,1705.0,223.0,241.0,GTTCCGACAA,B05,1,25.05,28.58
34,BD0052,1380.0,54760.0,7256.0,13597.0,TTGGTGACAA,C05,1,14.09,18.86
35,BD0053,8459.0,877.0,175.0,3.0,ACAATGGCAA,D05,0,,
36,BD0054,5956.0,909.0,181.0,1.0,CGCAGTGCAA,E05,0,,
37,BD0055,9861.0,1352.0,16.0,3.0,CCATAACCAA,F05,0,,
38,BD0056,10057.0,332.0,12.0,1.0,AGTCTACCAA,G05,0,,
39,BD0057,1856.0,89.0,74.0,1.0,GAAGCGCCAA,H05,0,,
40,BD0058,7462.0,905.0,700.0,55.0,TACCTTCCAA,A06,1,29.76,32.41
41,BD0059,2628.0,22887.0,5350.0,4672.0,TCCGCATCAA,B06,1,21.33,24.03
42,BD0060,5967.0,244.0,450.0,20.0,AGTACGTCAA,C06,1,30.4,33.57
43,BD0061,5578.0,4046.0,43.0,2.0,ACATCCTCAA,D06,0,,
44,BD0062,4092.0,385.0,308.0,0.0,GGAGATTCAA,E06,0,,
45,BD0063,5849.0,840.0,16.0,1.0,GGTGAGATAA,F06,0,,
46,BD0064,1840.0,311.0,51.0,3.0,GCAACGATAA,G06,0,,
47,BD0065,1459.0,560.0,93.0,1.0,CTAGGCATAA,H06,0,,
48,BD0066,2167.0,58825.0,17116.0,18361.0,TGGCGTATAA,A07,1,13.09,16.52
49,BD0067,899.0,3798.0,752.0,245.0,CCAGAGGTAA,B07,1,28.26,31.01
50,BD0068,8226.0,1787.0,192.0,54.0,AAGGTGGTAA,C07,1,29.28,32.7
51,BD0069,7269.0,143.0,0.0,0.0,GGCTAACTAA,D07,0,,
52,BD0070,9177.0,716.0,12.0,1.0,ATCGGACTAA,E07,0,,
53,BD0071,16703.0,1565.0,84.0,0.0,CAACTCCTAA,F07,0,,
54,BD0072,6909.0,539.0,17.0,19.0,CGTCTGTTAA,G07,0,,
55,BD0073,1898.0,748.0,1708.0,0.0,GAGTATGCGA,H07,0,,
56,BD0074,1690.0,98454.0,18789.0,19218.0,TTCACGCCGA,A08,1,17.06,20.21
57,BD0075,1739.0,118166.0,14316.0,22345.0,AATTCCGTGA,B08,1,18.57,22.28
58,BD0076,4657.0,1326.0,868.0,75.0,GCGATTGACA,C08,1,26.56,28.27
59,BD0077,5962.0,705.0,215.0,4.0,TGCTTGCACA,D08,0,,
60,BD0078,3195.0,422.0,137.0,157.0,TATGTAGGCA,E08,0,,
61,BD0079,2166.0,305.0,1899.0,0.0,GTTATACGCA,F08,0,,
62,BD0080,4996.0,204.0,51.0,1.0,GTCTCATGCA,G08,0,,
63,BD0081,13018.0,293.0,33.0,1.0,AAGACCATCA,H08,0,,
64,BD0082,870.0,377.0,21.0,3.0,GGCCTAGTCA,A09,1,36.67,38.6
65,BD0083,3593.0,32326.0,11831.0,6940.0,CTTGTGCTCA,B09,1,21.78,23.74
66,BD0084,10307.0,72583.0,14919.0,9577.0,AACAGGTTCA,C09,1,19.85,22.2
67,BD0085,1655.0,629.0,80.0,0.0,TTGGAAGGTA,D09,0,,
68,BD0086,3926.0,264.0,579.0,1.0,TCGTATCGTA,E09,0,,
69,BD0087,7468.0,288.0,52.0,1.0,ACGCATACTA,F09,0,,
70,BD0088,4331.0,240.0,172.0,0.0,GTCCTGGCTA,G09,0,,
71,BD0089,1231.0,74.0,441.0,0.0,GTACCACCTA,H09,0,,
72,BD0090,8367.0,57485.0,17325.0,15610.0,GAACAGTCTA,A10,1,21.45,23.65
73,BD0091,5949.0,82498.0,12258.0,21230.0,GGCACCATTA,B10,1,16.23,20.91
74,BD0092,8586.0,29628.0,16537.0,5521.0,CCGGTTATTA,C10,1,20.98,22.03
75,BD0093,239.0,387.0,82.0,6.0,CATCCACTTA,D10,0,,
76,BD0094,9286.0,473.0,115.0,1.0,AGGAAGCTTA,E10,0,,
77,BD0095,1942.0,46.0,321.0,2.0,AGTTGCCTTA,F10,0,,
78,BD0096,2487.0,76.0,70.0,0.0,GTGCTATTAG,G10,0,,
79,BD0097,1291.0,39.0,1441.0,0.0,GACATTGAGG,H10,0,,
80,BD0098,2882.0,530.0,276.0,87.0,TTAGCTTAGG,A11,1,29.06,31.42
81,BD0099,3406.0,80089.0,18934.0,27334.0,TTCCTAACGG,B11,1,17.05,19.67
82,BD0100,4907.0,99969.0,32130.0,27708.0,ATACCGACGG,C11,1,13.7,14.66
83,BD0101,5549.0,639.0,26.0,12.0,TGTAAGGCGG,D11,0,,
84,BD0102,7796.0,2227.0,1042.0,6.0,ATTATGCCGG,E11,0,,
85,BD0103,6299.0,1287.0,47.0,1.0,TCTTCTCCGG,F11,0,,
86,BD0104,3840.0,1490.0,278.0,1.0,TAAGAATCGG,G11,0,,
87,BD0105,9655.0,97.0,1450.0,5.0,GTTCGTTCGG,H11,0,,
88,BD0106,7536.0,111849.0,24812.0,26991.0,CTGTCGATGG,A12,1,17.26,20.28
89,BD0107,2092.0,34699.0,6598.0,7246.0,GCGCTTATGG,B12,1,20.36,21.46
90,BD0108,9726.0,1141.0,112.0,13.0,CATATAGTGG,C12,0,,
91,BD0109,3224.0,342.0,150.0,1.0,GTAGTGGTGG,D12,0,,
92,BD0110,9522.0,556.0,6.0,3.0,AAGTTACTGG,E12,0,,
93,BD0111,2744.0,160.0,110.0,2.0,GTTAATCTGG,F12,0,,
94,BD0112,9564.0,429.0,139.0,0.0,CATCGTCTGG,G12,0,,
95,BD0113,2379.0,174.0,9.0,0.0,TCAGTTCGCG,H12,0,,
0,BD0018,9143.0,11657.0,22.0,13.0,CTCACCTCTA,A01,0,,
1,BD0019,7094.0,1131.0,59.0,0.0,GATCGCGTAA,B01,0,,
2,BD0020,8875.0,4382.0,74.0,3.0,AGAGCCAGTA,C01,0,,
3,BD0021,9719.0,2928.0,27.0,0.0,GGAAGAAGAA,D01,0,,
4,BD0022,12108.0,973.0,23.0,1.0,CCTTGAAGAA,E01,0,,
5,BD0023,2897.0,321.0,3.0,0.0,TTGCCAAGAA,F01,0,,
6,BD0024,4592.0,1518.0,146.0,0.0,AAGCGGAGAA,G01,0,,
7,BD0025,13939.0,4614.0,49.0,4.0,CGTAACAGAA,H01,0,,
8,BD0026,4232.0,671.0,48.0,0.0,TGACTCAGAA,A02,0,,
9,BD0027,5358.0,321.0,12.0,1.0,GCCAATAGAA,B02,0,,
10,BD0028,5394.0,320.0,3.0,2.0,CGGTCTAGAA,C02,0,,
11,BD0029,6151.0,8913.0,19.0,34.0,CGACAAGGAA,D02,0,,
12,BD0030,4248.0,1437.0,55.0,1.0,ATGAGAGGAA,E02,0,,
13,BD0031,3179.0,140.0,6.0,0.0,GGTTCAGGAA,F02,0,,
14,BD0032,5020.0,1445.0,432.0,3.0,ACCGTAGGAA,G02,0,,
15,BD0033,2567.0,488.0,1126.0,4.0,TCAACCGGAA,H02,0,,
16,BD0034,5964.0,141.0,337.0,3.0,CTATTCGGAA,A03,0,,
17,BD0035,1433.0,99.0,13.0,0.0,TTCTGTGGAA,B03,0,,
18,BD0036,5505.0,612.0,24.0,2.0,GAACTTGGAA,C03,0,,
19,BD0037,4311.0,582.0,5.0,2.0,TCTCAACGAA,D03,0,,
20,BD0038,1299.0,725.0,139.0,1.0,AATGCACGAA,E03,0,,
21,BD0039,5149.0,782.0,37.0,2.0,AGCCAGCGAA,F03,0,,
22,BD0040,8530.0,1049.0,98.0,6.0,CTTCGGCGAA,G03,0,,
23,BD0041,2613.0,436.0,50.0,1.0,TAGGACCGAA,H03,0,,
24,BD0042,4222.0,47374.0,22968.0,9745.0,CCGAGTCGAA,A04,1,19.07,18.91
25,BD0043,2601.0,79889.0,21237.0,18191.0,ATGGTTCGAA,B04,1,14.68,15.99
26,BD0044,2514.0,1375.0,1221.0,434.0,TGGTAGTGAA,C04,1,27.49,28.05
27,BD0045,2849.0,40785.0,7378.0,8182.0,TCCAGGTGAA,D04,1,20.99,22.74
28,BD0046,1773.0,10668.0,1554.0,1443.0,GCATGTTGAA,E04,1,24.48,27.65
29,BD0047,2123.0,37755.0,5679.0,7131.0,TCGAGAACAA,F04,1,20.09,23.19
30,BD0048,2656.0,63623.0,20407.0,22480.0,GACACAACAA,G04,1,14.5,16.3
31,BD0049,4575.0,114914.0,32922.0,16907.0,CAGAAGACAA,H04,1,19.17,19.55
32,BD0050,6230.0,145038.0,15080.0,52674.0,CCACGGACAA,A05,1,15.06,18.19
33,BD0051,2015.0,146210.0,15299.0,32570.0,GTTCCGACAA,B05,1,11.23,15.52
34,BD0052,2871.0,20407.0,2110.0,3900.0,TTGGTGACAA,C05,1,21.3,24.54
35,BD0053,6682.0,56700.0,10223.0,11196.0,ACAATGGCAA,D05,1,22.33,24.58
36,BD0054,2810.0,25228.0,4423.0,4493.0,CGCAGTGCAA,E05,1,24.54,27.92
37,BD0055,8716.0,7836.0,1978.0,1026.0,CCATAACCAA,F05,1,26.58,28.62
38,BD0056,10467.0,4931.0,938.0,748.0,AGTCTACCAA,G05,1,27.26,30.38
39,BD0057,816.0,30470.0,7128.0,13410.0,GAAGCGCCAA,H05,1,23.39,25.29
40,BD0058,2515.0,6628.0,5244.0,2222.0,TACCTTCCAA,A06,1,27.52,28.17
41,BD0059,4187.0,10429.0,3318.0,2696.0,TCCGCATCAA,B06,1,24.1,25.88
42,BD0060,4276.0,6083.0,5402.0,1655.0,AGTACGTCAA,C06,1,26.45,27.57
43,BD0061,2326.0,109083.0,14775.0,26050.0,ACATCCTCAA,D06,1,17.8,21.47
44,BD0062,8439.0,960.0,1125.0,57.0,GGAGATTCAA,E06,1,27.95,28.92
45,BD0063,6536.0,3530.0,1187.0,226.0,GGTGAGATAA,F06,1,26.69,29.06
46,BD0064,2927.0,300.0,60.0,17.0,GCAACGATAA,G06,1,32.0,34.67
47,BD0065,5898.0,28223.0,17240.0,3923.0,CTAGGCATAA,H06,1,24.59,25.21
48,BD0066,1105.0,57.0,137.0,6.0,TGGCGTATAA,A07,1,34.42,33.07
49,BD0067,3771.0,897.0,132.0,4.0,CCAGAGGTAA,B07,0,,
50,BD0068,7795.0,1280.0,16.0,0.0,AAGGTGGTAA,C07,0,,
51,BD0069,1614.0,101.0,36.0,0.0,GGCTAACTAA,D07,0,,
52,BD0070,5522.0,865.0,66.0,0.0,ATCGGACTAA,E07,0,,
53,BD0071,8215.0,1609.0,88.0,2.0,CAACTCCTAA,F07,0,,
54,BD0072,5219.0,204.0,65.0,2.0,CGTCTGTTAA,G07,0,,
55,BD0073,1814.0,453.0,352.0,3.0,GAGTATGCGA,H07,0,,
56,BD0074,4378.0,130.0,42.0,2.0,TTCACGCCGA,A08,0,,
57,BD0075,11578.0,832.0,7.0,0.0,AATTCCGTGA,B08,0,,
58,BD0076,940.0,76.0,70.0,2.0,GCGATTGACA,C08,0,,
59,BD0077,4137.0,415.0,132.0,4.0,TGCTTGCACA,D08,0,,
60,BD0078,5525.0,614.0,22.0,24.0,TATGTAGGCA,E08,0,,
61,BD0079,2682.0,363.0,988.0,2.0,GTTATACGCA,F08,0,,
62,BD0080,6359.0,299.0,40.0,0.0,GTCTCATGCA,G08,0,,
63,BD0081,13745.0,283.0,7.0,0.0,AAGACCATCA,H08,0,,
64,BD0082,4428.0,567.0,20.0,0.0,GGCCTAGTCA,A09,0,,
65,BD0083,10258.0,1163.0,21.0,0.0,CTTGTGCTCA,B09,0,,
66,BD0084,10398.0,4113.0,72.0,4.0,AACAGGTTCA,C09,0,,
67,BD0085,1746.0,454.0,42.0,0.0,TTGGAAGGTA,D09,0,,
68,BD0086,3293.0,367.0,617.0,0.0,TCGTATCGTA,E09,0,,
69,BD0087,5059.0,340.0,69.0,0.0,ACGCATACTA,F09,0,,
70,BD0088,4940.0,363.0,108.0,0.0,GTCCTGGCTA,G09,0,,
71,BD0089,2489.0,693.0,82.0,21.0,GTACCACCTA,H09,0,,
72,BD0090,2242.0,249.0,81.0,4.0,GAACAGTCTA,A10,0,,
73,BD0091,7854.0,166.0,8.0,1.0,GGCACCATTA,B10,0,,
74,BD0092,8901.0,101.0,32.0,20.0,CCGGTTATTA,C10,0,,
75,BD0093,2589.0,243.0,40.0,2.0,CATCCACTTA,D10,0,,
76,BD0094,7775.0,414.0,79.0,1.0,AGGAAGCTTA,E10,0,,
77,BD0095,15316.0,437.0,21.0,3.0,AGTTGCCTTA,F10,0,,
78,BD0096,6329.0,238.0,73.0,0.0,GTGCTATTAG,G10,0,,
79,BD0097,5931.0,451.0,1225.0,0.0,GACATTGAGG,H10,0,,
80,BD0098,5469.0,137.0,4.0,2.0,TTAGCTTAGG,A11,0,,
81,BD0099,9955.0,182.0,40.0,4.0,TTCCTAACGG,B11,0,,
82,BD0100,7297.0,2486.0,801.0,2.0,ATACCGACGG,C11,0,,
83,BD0101,930.0,454.0,57.0,10.0,TGTAAGGCGG,D11,0,,
84,BD0102,6989.0,2435.0,630.0,0.0,ATTATGCCGG,E11,0,,
85,BD0103,1414.0,1154.0,24.0,0.0,TCTTCTCCGG,F11,0,,
86,BD0104,6395.0,970.0,96.0,0.0,TAAGAATCGG,G11,0,,
87,BD0105,4448.0,73.0,930.0,0.0,GTTCGTTCGG,H11,0,,
88,BD0106,10061.0,1728.0,24.0,2.0,CTGTCGATGG,A12,0,,
89,BD0107,1921.0,32.0,20.0,1.0,GCGCTTATGG,B12,0,,
90,BD0108,8512.0,1028.0,205.0,5.0,CATATAGTGG,C12,0,,
91,BD0109,6115.0,432.0,50.0,1.0,GTAGTGGTGG,D12,0,,
92,BD0110,9033.0,616.0,2.0,2.0,AAGTTACTGG,E12,0,,
93,BD0111,5928.0,224.0,33.0,0.0,GTTAATCTGG,F12,0,,
94,BD0112,12602.0,1802.0,14.0,4.0,CATCGTCTGG,G12,0,,
95,BD0113,3426.0,673.0,31.0,1.0,TCAGTTCGCG,H12,0,,
0,BD0018,7191.0,3425.0,242.0,0.0,CTCACCTCTA,A01,0,,
1,BD0019,9306.0,1510.0,15.0,0.0,GATCGCGTAA,B01,0,,
2,BD0020,11433.0,2067.0,98.0,1.0,AGAGCCAGTA,C01,0,,
3,BD0021,7185.0,2867.0,58.0,19.0,GGAAGAAGAA,D01,0,,
4,BD0022,8444.0,1053.0,194.0,1.0,CCTTGAAGAA,E01,0,,
5,BD0023,4824.0,146.0,9.0,0.0,TTGCCAAGAA,F01,0,,
6,BD0024,6836.0,1017.0,83.0,0.0,AAGCGGAGAA,G01,0,,
7,BD0025,13498.0,2735.0,214.0,20.0,CGTAACAGAA,H01,0,,
8,BD0026,3221.0,212.0,6.0,5.0,TGACTCAGAA,A02,0,,
9,BD0027,8577.0,232.0,22.0,1.0,GCCAATAGAA,B02,0,,
10,BD0028,2580.0,361.0,51.0,6.0,CGGTCTAGAA,C02,0,,
11,BD0029,6265.0,1222.0,54.0,0.0,CGACAAGGAA,D02,0,,
12,BD0030,5835.0,1430.0,52.0,1.0,ATGAGAGGAA,E02,0,,
13,BD0031,5715.0,103.0,2.0,0.0,GGTTCAGGAA,F02,0,,
14,BD0032,10043.0,1618.0,653.0,0.0,ACCGTAGGAA,G02,0,,
15,BD0033,9239.0,536.0,1756.0,3.0,TCAACCGGAA,H02,0,,
16,BD0034,16579.0,257.0,167.0,0.0,CTATTCGGAA,A03,0,,
17,BD0035,1248.0,72.0,20.0,3.0,TTCTGTGGAA,B03,0,,
18,BD0036,6174.0,678.0,21.0,0.0,GAACTTGGAA,C03,0,,
19,BD0037,3377.0,433.0,14.0,0.0,TCTCAACGAA,D03,0,,
20,BD0038,8092.0,576.0,55.0,0.0,AATGCACGAA,E03,0,,
21,BD0039,4005.0,778.0,126.0,1.0,AGCCAGCGAA,F03,0,,
22,BD0040,13514.0,1161.0,159.0,0.0,CTTCGGCGAA,G03,0,,
23,BD0041,4031.0,547.0,24.0,1.0,TAGGACCGAA,H03,0,,
24,BD0042,8757.0,1137.0,74.0,4.0,CCGAGTCGAA,A04,0,,
25,BD0043,2154.0,809.0,9.0,1.0,ATGGTTCGAA,B04,0,,
26,BD0044,5176.0,279.0,6.0,4.0,TGGTAGTGAA,C04,0,,
27,BD0045,3617.0,1251.0,20.0,0.0,TCCAGGTGAA,D04,0,,
28,BD0046,5321.0,1629.0,84.0,0.0,GCATGTTGAA,E04,0,,
29,BD0047,2799.0,371.0,63.0,1.0,TCGAGAACAA,F04,0,,
30,BD0048,6939.0,529.0,141.0,2.0,GACACAACAA,G04,0,,
31,BD0049,7733.0,2765.0,275.0,4.0,CAGAAGACAA,H04,0,,
32,BD0050,11053.0,755.0,46.0,8.0,CCACGGACAA,A05,0,,
33,BD0051,3545.0,442.0,8.0,0.0,GTTCCGACAA,B05,0,,
34,BD0052,3077.0,374.0,6.0,0.0,TTGGTGACAA,C05,0,,
35,BD0053,9649.0,1706.0,122.0,3.0,ACAATGGCAA,D05,0,,
36,BD0054,15807.0,3683.0,53.0,1.0,CGCAGTGCAA,E05,0,,
37,BD0055,11489.0,1579.0,14.0,0.0,CCATAACCAA,F05,0,,
38,BD0056,15664.0,503.0,23.0,1.0,AGTCTACCAA,G05,0,,
39,BD0057,7967.0,256.0,99.0,0.0,GAAGCGCCAA,H05,0,,
40,BD0058,6146.0,484.0,25.0,0.0,TACCTTCCAA,A06,0,,
41,BD0059,782.0,171.0,63.0,0.0,TCCGCATCAA,B06,0,,
42,BD0060,8238.0,578.0,72.0,0.0,AGTACGTCAA,C06,0,,
43,BD0061,3817.0,2733.0,75.0,0.0,ACATCCTCAA,D06,0,,
44,BD0062,13114.0,486.0,149.0,0.0,GGAGATTCAA,E06,0,,
45,BD0063,6370.0,937.0,9.0,0.0,GGTGAGATAA,F06,0,,
46,BD0064,5493.0,266.0,79.0,2.0,GCAACGATAA,G06,0,,
47,BD0065,3410.0,977.0,119.0,3.0,CTAGGCATAA,H06,0,,
48,BD0066,1129.0,69354.0,19992.0,21387.0,TGGCGTATAA,A07,1,14.93,17.92
49,BD0067,5788.0,146632.0,34122.0,33860.0,CCAGAGGTAA,B07,1,13.1,14.9
50,BD0068,5929.0,6860.0,1149.0,545.0,AAGGTGGTAA,C07,1,26.73,30.03
51,BD0069,4416.0,54789.0,7844.0,10214.0,GGCTAACTAA,D07,1,19.85,23.68
52,BD0070,9618.0,59440.0,8123.0,13944.0,ATCGGACTAA,E07,1,21.6,24.73
53,BD0071,9833.0,48546.0,18907.0,5698.0,CAACTCCTAA,F07,1,22.07,24.08
54,BD0072,4036.0,59121.0,27429.0,14475.0,CGTCTGTTAA,G07,1,18.27,18.58
55,BD0073,3786.0,7754.0,2606.0,860.0,GAGTATGCGA,H07,1,26.23,30.1
56,BD0074,5181.0,51992.0,11910.0,14057.0,TTCACGCCGA,A08,1,19.38,21.8
57,BD0075,6790.0,755.0,143.0,17.0,AATTCCGTGA,B08,1,34.69,34.25
58,BD0076,2262.0,10788.0,1901.0,1986.0,GCGATTGACA,C08,1,23.67,26.5
59,BD0077,13411.0,743.0,62.0,3.0,TGCTTGCACA,D08,1,32.45,31.18
60,BD0078,3904.0,922.0,184.0,147.0,TATGTAGGCA,E08,1,31.66,31.38
61,BD0079,5542.0,30053.0,14061.0,3777.0,GTTATACGCA,F08,1,30.04,31.71
62,BD0080,6900.0,52834.0,21168.0,9995.0,GTCTCATGCA,G08,1,18.84,19.81
63,BD0081,6933.0,69689.0,27765.0,20000.0,AAGACCATCA,H08,1,16.76,18.54
64,BD0082,9677.0,25101.0,15814.0,7650.0,GGCCTAGTCA,A09,1,21.98,22.8
65,BD0083,6225.0,49943.0,14605.0,9746.0,CTTGTGCTCA,B09,1,21.03,23.93
66,BD0084,6104.0,21288.0,3926.0,4058.0,AACAGGTTCA,C09,1,22.64,26.26
67,BD0085,6011.0,1157.0,340.0,25.0,TTGGAAGGTA,D09,1,29.94,33.16
68,BD0086,4381.0,442.0,1507.0,7.0,TCGTATCGTA,E09,1,36.8,36.47
69,BD0087,4885.0,280.0,193.0,7.0,ACGCATACTA,F09,1,32.54,34.35
70,BD0088,6574.0,52056.0,9139.0,8481.0,GTCCTGGCTA,G09,1,21.96,25.05
71,BD0089,11962.0,2040.0,647.0,59.0,GTACCACCTA,H09,1,28.74,30.03
72,BD0090,10938.0,1624.0,6906.0,513.0,GAACAGTCTA,A10,1,27.03,27.62
73,BD0091,7924.0,105.0,15.0,4.0,GGCACCATTA,B10,0,,
74,BD0092,7779.0,108.0,18.0,79.0,CCGGTTATTA,C10,0,,
75,BD0093,397.0,299.0,52.0,6.0,CATCCACTTA,D10,0,,
76,BD0094,14204.0,324.0,151.0,0.0,AGGAAGCTTA,E10,0,,
77,BD0095,10547.0,457.0,38.0,0.0,AGTTGCCTTA,F10,0,,
78,BD0096,5927.0,207.0,110.0,0.0,GTGCTATTAG,G10,0,,
79,BD0097,4474.0,350.0,2538.0,3.0,GACATTGAGG,H10,0,,
80,BD0098,4809.0,191.0,16.0,31.0,TTAGCTTAGG,A11,0,,
81,BD0099,5625.0,154.0,32.0,2.0,TTCCTAACGG,B11,0,,
82,BD0100,3757.0,3100.0,361.0,1.0,ATACCGACGG,C11,0,,
83,BD0101,1118.0,476.0,33.0,2.0,TGTAAGGCGG,D11,0,,
84,BD0102,11043.0,2885.0,531.0,4.0,ATTATGCCGG,E11,0,,
85,BD0103,10860.0,1014.0,17.0,0.0,TCTTCTCCGG,F11,0,,
86,BD0104,4109.0,1657.0,82.0,1.0,TAAGAATCGG,G11,0,,
87,BD0105,5604.0,82.0,1430.0,0.0,GTTCGTTCGG,H11,0,,
88,BD0106,9021.0,2040.0,71.0,10.0,CTGTCGATGG,A12,0,,
89,BD0107,2109.0,87.0,23.0,2.0,GCGCTTATGG,B12,0,,
90,BD0108,3957.0,633.0,285.0,13.0,CATATAGTGG,C12,0,,
91,BD0109,4989.0,403.0,103.0,1.0,GTAGTGGTGG,D12,0,,
92,BD0110,4716.0,448.0,39.0,1.0,AAGTTACTGG,E12,0,,
93,BD0111,4620.0,153.0,105.0,0.0,GTTAATCTGG,F12,0,,
94,BD0112,11907.0,1053.0,11.0,0.0,CATCGTCTGG,G12,0,,
95,BD0113,5361.0,434.0,6.0,1.0,TCAGTTCGCG,H12,0,,
0,BD0018,4418.0,7177.0,311.0,8.0,CTCACCTCTA,A01,0,,
1,BD0019,4613.0,795.0,137.0,4.0,GATCGCGTAA,B01,0,,
2,BD0020,7843.0,6006.0,361.0,0.0,AGAGCCAGTA,C01,0,,
3,BD0021,9814.0,4384.0,100.0,3.0,GGAAGAAGAA,D01,0,,
4,BD0022,17203.0,1587.0,33.0,1.0,CCTTGAAGAA,E01,1,33.03,34.55
5,BD0023,1839.0,114.0,33.0,1.0,TTGCCAAGAA,F01,1,33.54,35.73
6,BD0024,3883.0,700.0,545.0,27.0,AAGCGGAGAA,G01,0,,
7,BD0025,5355.0,3384.0,275.0,0.0,CGTAACAGAA,H01,0,,
8,BD0026,3994.0,290.0,19.0,3.0,TGACTCAGAA,A02,0,,
9,BD0027,5430.0,404.0,122.0,28.0,GCCAATAGAA,B02,0,,
10,BD0028,1128.0,206.0,50.0,4.0,CGGTCTAGAA,C02,0,,
11,BD0029,14166.0,1957.0,24.0,7.0,CGACAAGGAA,D02,0,,
12,BD0030,4129.0,1504.0,158.0,1.0,ATGAGAGGAA,E02,1,36.21,37.35
13,BD0031,6555.0,85.0,2.0,0.0,GGTTCAGGAA,F02,1,34.88,35.51
14,BD0032,9427.0,1778.0,447.0,6.0,ACCGTAGGAA,G02,0,,
15,BD0033,3316.0,716.0,978.0,6.0,TCAACCGGAA,H02,0,,
16,BD0034,6251.0,307.0,436.0,23.0,CTATTCGGAA,A03,0,,
17,BD0035,3900.0,102.0,35.0,4.0,TTCTGTGGAA,B03,0,,
18,BD0036,4563.0,406.0,80.0,2.0,GAACTTGGAA,C03,0,,
19,BD0037,1692.0,234.0,13.0,3.0,TCTCAACGAA,D03,0,,
20,BD0038,12468.0,580.0,80.0,2.0,AATGCACGAA,E03,1,32.56,34.37
21,BD0039,5552.0,1482.0,627.0,106.0,AGCCAGCGAA,F03,1,28.78,30.84
22,BD0040,14602.0,1173.0,241.0,2.0,CTTCGGCGAA,G03,0,,
23,BD0041,1127.0,588.0,147.0,7.0,TAGGACCGAA,H03,0,,
24,BD0042,2182.0,541.0,225.0,6.0,CCGAGTCGAA,A04,0,,
25,BD0043,7273.0,559.0,5.0,0.0,ATGGTTCGAA,B04,0,,
26,BD0044,1916.0,131.0,14.0,1.0,TGGTAGTGAA,C04,0,,
27,BD0045,4031.0,1433.0,40.0,2.0,TCCAGGTGAA,D04,0,,
28,BD0046,6304.0,1674.0,74.0,11.0,GCATGTTGAA,E04,1,31.07,32.46
29,BD0047,5478.0,367.0,51.0,7.0,TCGAGAACAA,F04,1,31.65,33.87
30,BD0048,3462.0,300.0,139.0,0.0,GACACAACAA,G04,0,,
31,BD0049,2858.0,1514.0,157.0,0.0,CAGAAGACAA,H04,0,,
32,BD0050,4020.0,705.0,183.0,17.0,CCACGGACAA,A05,0,,
33,BD0051,8175.0,272.0,10.0,0.0,GTTCCGACAA,B05,0,,
34,BD0052,983.0,288.0,11.0,0.0,TTGGTGACAA,C05,0,,
35,BD0053,7349.0,1346.0,198.0,1.0,ACAATGGCAA,D05,0,,
36,BD0054,11098.0,4758.0,259.0,148.0,CGCAGTGCAA,E05,1,29.02,32.33
37,BD0055,12417.0,1353.0,58.0,23.0,CCATAACCAA,F05,1,33.68,37.19
38,BD0056,8390.0,551.0,38.0,0.0,AGTCTACCAA,G05,0,,
39,BD0057,2641.0,74.0,68.0,0.0,GAAGCGCCAA,H05,0,,
40,BD0058,4524.0,4423.0,251.0,2.0,TACCTTCCAA,A06,0,,
41,BD0059,1570.0,53.0,40.0,0.0,TCCGCATCAA,B06,0,,
42,BD0060,7924.0,198.0,40.0,0.0,AGTACGTCAA,C06,0,,
43,BD0061,6912.0,6336.0,9.0,1.0,ACATCCTCAA,D06,0,,
44,BD0062,9236.0,1113.0,191.0,0.0,GGAGATTCAA,E06,1,26.41,28.74
45,BD0063,5485.0,920.0,40.0,11.0,GGTGAGATAA,F06,1,33.5,25.66
46,BD0064,8578.0,758.0,26.0,1.0,GCAACGATAA,G06,0,,
47,BD0065,1097.0,1263.0,243.0,6.0,CTAGGCATAA,H06,0,,
48,BD0066,1914.0,88.0,103.0,2.0,TGGCGTATAA,A07,0,,
49,BD0067,6808.0,2243.0,67.0,13.0,CCAGAGGTAA,B07,0,,
50,BD0068,9886.0,1259.0,26.0,0.0,AAGGTGGTAA,C07,0,,
51,BD0069,5718.0,94.0,11.0,5.0,GGCTAACTAA,D07,0,,
52,BD0070,6903.0,8082.0,1756.0,753.0,ATCGGACTAA,E07,1,25.91,28.38
53,BD0071,5281.0,248408.0,47778.0,61200.0,CAACTCCTAA,F07,1,13.87,18.37
54,BD0072,11902.0,768.0,110.0,1.0,CGTCTGTTAA,G07,0,,
55,BD0073,1319.0,279.0,803.0,2.0,GAGTATGCGA,H07,0,,
56,BD0074,2632.0,91.0,30.0,6.0,TTCACGCCGA,A08,0,,
57,BD0075,12044.0,578.0,3.0,0.0,AATTCCGTGA,B08,0,,
58,BD0076,707.0,24.0,117.0,0.0,GCGATTGACA,C08,0,,
59,BD0077,3364.0,510.0,125.0,1.0,TGCTTGCACA,D08,0,,
60,BD0078,2817.0,605.0,340.0,35.0,TATGTAGGCA,E08,1,28.49,30.28
61,BD0079,6727.0,50197.0,6919.0,5225.0,GTTATACGCA,F08,1,22.55,26.15
62,BD0080,4393.0,447.0,41.0,7.0,GTCTCATGCA,G08,0,,
63,BD0081,3363.0,682.0,77.0,3.0,AAGACCATCA,H08,0,,
64,BD0082,3980.0,474.0,42.0,0.0,GGCCTAGTCA,A09,0,,
65,BD0083,9121.0,1078.0,74.0,0.0,CTTGTGCTCA,B09,0,,
66,BD0084,12075.0,13517.0,249.0,0.0,AACAGGTTCA,C09,0,,
67,BD0085,5196.0,404.0,16.0,0.0,TTGGAAGGTA,D09,0,,
68,BD0086,2169.0,566.0,570.0,30.0,TCGTATCGTA,E09,1,29.63,31.69
69,BD0087,4407.0,121108.0,26176.0,27040.0,ACGCATACTA,F09,1,11.51,14.27
70,BD0088,6436.0,549.0,87.0,1.0,GTCCTGGCTA,G09,0,,
71,BD0089,5004.0,1303.0,105.0,2.0,GTACCACCTA,H09,0,,
72,BD0090,4869.0,61.0,241.0,4.0,GAACAGTCTA,A10,0,,
73,BD0091,3372.0,41.0,26.0,1.0,GGCACCATTA,B10,0,,
74,BD0092,7645.0,67.0,12.0,10.0,CCGGTTATTA,C10,0,,
75,BD0093,809.0,265.0,110.0,7.0,CATCCACTTA,D10,0,,
76,BD0094,21425.0,665.0,472.0,12.0,AGGAAGCTTA,E10,1,32.7,35.85
77,BD0095,12132.0,22377.0,4643.0,5493.0,AGTTGCCTTA,F10,1,23.97,27.3
78,BD0096,4245.0,250.0,177.0,1.0,GTGCTATTAG,G10,0,,
79,BD0097,4610.0,536.0,1206.0,1.0,GACATTGAGG,H10,0,,
80,BD0098,2822.0,198.0,21.0,62.0,TTAGCTTAGG,A11,0,,
81,BD0099,4464.0,190.0,57.0,1.0,TTCCTAACGG,B11,0,,
82,BD0100,6423.0,3272.0,369.0,2.0,ATACCGACGG,C11,0,,
83,BD0101,4655.0,418.0,43.0,3.0,TGTAAGGCGG,D11,0,,
84,BD0102,13937.0,3374.0,972.0,9.0,ATTATGCCGG,E11,1,32.95,34.37
85,BD0103,3544.0,68293.0,10962.0,12764.0,TCTTCTCCGG,F11,1,22.39,25.44
86,BD0104,8697.0,2068.0,110.0,1.0,TAAGAATCGG,G11,0,,
87,BD0105,2963.0,94.0,1993.0,6.0,GTTCGTTCGG,H11,0,,
88,BD0106,2768.0,2195.0,78.0,1.0,CTGTCGATGG,A12,0,,
89,BD0107,1461.0,32.0,6.0,0.0,GCGCTTATGG,B12,0,,
90,BD0108,7197.0,636.0,64.0,5.0,CATATAGTGG,C12,0,,
91,BD0109,6642.0,361.0,210.0,0.0,GTAGTGGTGG,D12,0,,
92,BD0110,13065.0,317.0,28.0,6.0,AAGTTACTGG,E12,1,32.4,35.65
93,BD0111,2885.0,154083.0,28261.0,41778.0,GTTAATCTGG,F12,1,16.76,19.85
94,BD0112,7436.0,3412.0,50.0,9.0,CATCGTCTGG,G12,0,,
95,BD0113,2669.0,457.0,2.0,8.0,TCAGTTCGCG,H12,0,,
0,BD0018,6929.0,4827.0,59.0,6.0,CTCACCTCTA,A01,0,,
1,BD0019,3724.0,1274.0,48.0,0.0,GATCGCGTAA,B01,0,,
2,BD0020,11237.0,7688.0,37.0,1.0,AGAGCCAGTA,C01,0,,
3,BD0021,1593.0,2867.0,38.0,3.0,GGAAGAAGAA,D01,0,,
4,BD0022,11435.0,835.0,32.0,1.0,CCTTGAAGAA,E01,0,,
5,BD0023,2549.0,204.0,5.0,0.0,TTGCCAAGAA,F01,0,,
6,BD0024,683.0,739.0,263.0,1.0,AAGCGGAGAA,G01,0,,
7,BD0025,6522.0,2575.0,58.0,13.0,CGTAACAGAA,H01,0,,
8,BD0026,2975.0,299.0,6.0,0.0,TGACTCAGAA,A02,0,,
9,BD0027,977.0,177.0,17.0,1.0,GCCAATAGAA,B02,0,,
10,BD0028,2322.0,273.0,5.0,4.0,CGGTCTAGAA,C02,0,,
11,BD0029,5155.0,1894.0,30.0,1.0,CGACAAGGAA,D02,0,,
12,BD0030,4297.0,1265.0,27.0,0.0,ATGAGAGGAA,E02,0,,
13,BD0031,2944.0,90.0,3.0,0.0,GGTTCAGGAA,F02,0,,
14,BD0032,1965.0,828.0,250.0,0.0,ACCGTAGGAA,G02,0,,
15,BD0033,5348.0,62.0,309.0,3.0,TCAACCGGAA,H02,0,,
16,BD0034,14111.0,598.0,155.0,0.0,CTATTCGGAA,A03,0,,
17,BD0035,2374.0,131.0,10.0,1.0,TTCTGTGGAA,B03,0,,
18,BD0036,3484.0,560.0,10.0,0.0,GAACTTGGAA,C03,0,,
19,BD0037,2232.0,431.0,8.0,0.0,TCTCAACGAA,D03,0,,
20,BD0038,2207.0,544.0,39.0,0.0,AATGCACGAA,E03,0,,
21,BD0039,3036.0,757.0,53.0,3.0,AGCCAGCGAA,F03,0,,
22,BD0040,2589.0,1018.0,162.0,6.0,CTTCGGCGAA,G03,0,,
23,BD0041,2271.0,1158.0,108.0,0.0,TAGGACCGAA,H03,0,,
24,BD0042,2294.0,880.0,52.0,3.0,CCGAGTCGAA,A04,0,,
25,BD0043,2711.0,245.0,13.0,7.0,ATGGTTCGAA,B04,0,,
26,BD0044,1091.0,214.0,13.0,2.0,TGGTAGTGAA,C04,0,,
27,BD0045,2569.0,1748.0,21.0,8.0,TCCAGGTGAA,D04,0,,
28,BD0046,1176.0,1125.0,75.0,4.0,GCATGTTGAA,E04,0,,
29,BD0047,1565.0,213.0,24.0,0.0,TCGAGAACAA,F04,0,,
30,BD0048,1138.0,275.0,96.0,5.0,GACACAACAA,G04,0,,
31,BD0049,8975.0,1116.0,243.0,38.0,CAGAAGACAA,H04,0,,
32,BD0050,1731.0,904.0,150.0,36.0,CCACGGACAA,A05,0,,
33,BD0051,2394.0,235.0,25.0,6.0,GTTCCGACAA,B05,0,,
34,BD0052,1029.0,197.0,6.0,0.0,TTGGTGACAA,C05,0,,
35,BD0053,3072.0,1024.0,110.0,2.0,ACAATGGCAA,D05,0,,
36,BD0054,2888.0,959.0,85.0,13.0,CGCAGTGCAA,E05,0,,
37,BD0055,9595.0,954.0,4.0,0.0,CCATAACCAA,F05,0,,
38,BD0056,5302.0,271.0,17.0,0.0,AGTCTACCAA,G05,0,,
39,BD0057,422.0,77.0,81.0,2.0,GAAGCGCCAA,H05,0,,
40,BD0058,6337.0,738.0,51.0,1.0,TACCTTCCAA,A06,0,,
41,BD0059,3967.0,219.0,10.0,0.0,TCCGCATCAA,B06,0,,
42,BD0060,4587.0,643.0,116.0,0.0,AGTACGTCAA,C06,0,,
43,BD0061,3910.0,4668.0,19.0,5.0,ACATCCTCAA,D06,0,,
44,BD0062,4849.0,428.0,18.0,1.0,GGAGATTCAA,E06,0,,
45,BD0063,3023.0,1227.0,8.0,0.0,GGTGAGATAA,F06,0,,
46,BD0064,667.0,239.0,62.0,10.0,GCAACGATAA,G06,0,,
47,BD0065,359.0,677.0,131.0,12.0,CTAGGCATAA,H06,0,,
48,BD0066,911.0,176.0,71.0,6.0,TGGCGTATAA,A07,0,,
49,BD0067,2478.0,2179.0,45.0,2.0,CCAGAGGTAA,B07,0,,
50,BD0068,5977.0,2120.0,70.0,0.0,AAGGTGGTAA,C07,0,,
51,BD0069,1574.0,128.0,3.0,6.0,GGCTAACTAA,D07,0,,
52,BD0070,3508.0,1139.0,11.0,7.0,ATCGGACTAA,E07,0,,
53,BD0071,2762.0,1468.0,208.0,5.0,CAACTCCTAA,F07,0,,
54,BD0072,5013.0,823.0,7.0,2.0,CGTCTGTTAA,G07,0,,
55,BD0073,1022.0,504.0,883.0,10.0,GAGTATGCGA,H07,0,,
56,BD0074,2279.0,104.0,40.0,4.0,TTCACGCCGA,A08,0,,
57,BD0075,3725.0,651.0,48.0,0.0,AATTCCGTGA,B08,0,,
58,BD0076,777.0,45.0,119.0,0.0,GCGATTGACA,C08,0,,
59,BD0077,3330.0,543.0,60.0,4.0,TGCTTGCACA,D08,0,,
60,BD0078,3406.0,381.0,23.0,44.0,TATGTAGGCA,E08,0,,
61,BD0079,2172.0,286.0,1388.0,2.0,GTTATACGCA,F08,0,,
62,BD0080,3944.0,146.0,59.0,1.0,GTCTCATGCA,G08,0,,
63,BD0081,3113.0,189.0,95.0,14.0,AAGACCATCA,H08,0,,
64,BD0082,2802.0,255.0,22.0,5.0,GGCCTAGTCA,A09,1,33.56,36.59
65,BD0083,2944.0,7340.0,3577.0,644.0,CTTGTGCTCA,B09,1,25.21,28.21
66,BD0084,2496.0,162596.0,24402.0,27699.0,AACAGGTTCA,C09,1,14.12,17.13
67,BD0085,1209.0,884.0,96.0,3.0,TTGGAAGGTA,D09,1,31.17,34.12
68,BD0086,3280.0,333.0,447.0,0.0,TCGTATCGTA,E09,0,,
69,BD0087,6775.0,610.0,44.0,3.0,ACGCATACTA,F09,0,,
70,BD0088,2123.0,656.0,125.0,2.0,GTCCTGGCTA,G09,0,,
71,BD0089,5443.0,711.0,33.0,9.0,GTACCACCTA,H09,0,,
72,BD0090,10009.0,319.0,52.0,1.0,GAACAGTCTA,A10,1,29.81,32.26
73,BD0091,3179.0,55.0,16.0,3.0,GGCACCATTA,B10,1,31.9,33.54
74,BD0092,3023.0,69.0,7.0,45.0,CCGGTTATTA,C10,1,36.57,38.04
75,BD0093,509.0,272.0,7105.0,24.0,CATCCACTTA,D10,1,29.6,26.86
76,BD0094,346.0,486.0,287.0,6.0,AGGAAGCTTA,E10,1,31.86,36.87
77,BD0095,1794.0,88080.0,32463.0,19033.0,AGTTGCCTTA,F10,1,12.23,15.67
78,BD0096,3674.0,912.0,501.0,70.0,GTGCTATTAG,G10,1,28.89,31.19
79,BD0097,1072.0,54733.0,14190.0,13234.0,GACATTGAGG,H10,1,13.81,16.5
80,BD0098,4179.0,178.0,29.0,43.0,TTAGCTTAGG,A11,1,31.81,32.79
81,BD0099,6169.0,91.0,10.0,1.0,TTCCTAACGG,B11,1,29.33,31.54
82,BD0100,2340.0,88777.0,25023.0,21438.0,ATACCGACGG,C11,1,16.89,18.73
83,BD0101,2244.0,33350.0,14261.0,6628.0,TGTAAGGCGG,D11,1,20.21,21.54
84,BD0102,8162.0,1893.0,2851.0,63.0,ATTATGCCGG,E11,1,30.62,29.74
85,BD0103,7058.0,1005.0,1890.0,44.0,TCTTCTCCGG,F11,1,30.5,29.77
86,BD0104,4668.0,19369.0,4778.0,3731.0,TAAGAATCGG,G11,1,24.07,27.04
87,BD0105,2763.0,22512.0,6757.0,4367.0,GTTCGTTCGG,H11,1,21.9,24.9
88,BD0106,5569.0,10015.0,1673.0,1440.0,CTGTCGATGG,A12,1,25.66,29.29
89,BD0107,1263.0,563.0,1830.0,129.0,GCGCTTATGG,B12,1,27.69,28.15
90,BD0108,3683.0,52665.0,8576.0,9519.0,CATATAGTGG,C12,1,22.24,25.75
91,BD0109,1963.0,79594.0,13002.0,19611.0,GTAGTGGTGG,D12,1,17.07,20.84
92,BD0110,1690.0,32586.0,7144.0,7207.0,AAGTTACTGG,E12,1,22.12,24.34
93,BD0111,6209.0,259.0,135.0,8.0,GTTAATCTGG,F12,1,30.56,34.08
94,BD0112,9772.0,456.0,128.0,7.0,CATCGTCTGG,G12,1,30.95,33.85
95,BD0113,976.0,56480.0,6096.0,6645.0,TCAGTTCGCG,H12,1,19.95,22.93
