ID,Sample,RNASE_P,E_gene,N1_gene,ORF1a,Barcode,position in the plate,RNA_sample,E,N
0,BD0018,0.758311575,0.240469974,0.000913838,0.000304613,CTCACCTCTA,A01,0,,
1,BD0019,0.913431596,0.061033838,0.025119369,0.000415196,GATCGCGTAA,B01,0,,
2,BD0020,0.741571029,0.25759648,0.000713564,0.000118927,AGAGCCAGTA,C01,0,,
3,BD0021,0.506091538,0.487323016,0.006585446,0,GGAAGAAGAA,D01,0,,
4,BD0022,0.749251701,0.236462585,0.01414966,0.000136054,CCTTGAAGAA,E01,0,,
5,BD0023,0.968820315,0.027965284,0.003214401,0,TTGCCAAGAA,F01,0,,
6,BD0024,0.9179174,0.068005382,0.014077218,0,AAGCGGAGAA,G01,0,,
7,BD0025,0.804489947,0.191316147,0.004193907,0,CGTAACAGAA,H01,0,,
8,BD0026,0.043242098,0.661478899,0.139280005,0.155998998,TGACTCAGAA,A02,1,21.88,24.76
9,BD0027,0.011228193,0.584819203,0.254461982,0.149490621,GCCAATAGAA,B02,1,16.16,17.49
10,BD0028,0.23502018,0.535392735,0.153678982,0.075908103,CGGTCTAGAA,C02,1,24.63,26.94
11,BD0029,0.166532798,0.68085676,0.12021419,0.032396252,CGACAAGGAA,D02,1,29.85,31.18
12,BD0030,0.084962051,0.699889889,0.106571238,0.108576822,ATGAGAGGAA,E02,1,24.16,27.31
13,BD0031,0.728285078,0.200445434,0.050111359,0.021158129,GGTTCAGGAA,F02,1,27.15,29.04
14,BD0032,0.019036207,0.752638244,0.105243808,0.123081741,ACCGTAGGAA,G02,1,20.52,23.37
15,BD0033,0.016169959,0.699313399,0.127966566,0.156550077,TCAACCGGAA,H02,1,17.85,20.44
16,BD0034,0.011486382,0.602753224,0.176871913,0.208888481,CTATTCGGAA,A03,1,17.15,19.36
17,BD0035,0.14523403,0.530102018,0.200709313,0.123954639,TTCTGTGGAA,B03,1,21.65,23.99
18,BD0036,0.882849496,0.099032324,0.017912292,0.000205888,GAACTTGGAA,C03,1,32.3,34.02
19,BD0037,0.025478319,0.626766657,0.268147294,0.07960773,TCTCAACGAA,D03,1,24.92,26.88
20,BD0038,0.039590676,0.716236783,0.208286607,0.035885934,AATGCACGAA,E03,1,22.19,24.04
21,BD0039,0.071413207,0.629908463,0.255228126,0.043450204,AGCCAGCGAA,F03,1,23.81,24.67
22,BD0040,0.831279497,0.135815417,0.030152071,0.002753015,CTTCGGCGAA,G03,1,32.11,33.45
23,BD0041,0.006798499,0.756950058,0.091844688,0.144406755,TAGGACCGAA,H03,1,17.94,21.3
24,BD0042,0.015622596,0.743738742,0.146740163,0.093898498,CCGAGTCGAA,A04,1,19.61,21.88
25,BD0043,0.599409225,0.331856396,0.042944785,0.025789593,ATGGTTCGAA,B04,1,28.07,30.6
26,BD0044,0.041145168,0.736837411,0.107768231,0.11424919,TGGTAGTGAA,C04,1,21.52,24.95
27,BD0045,0.019038737,0.743667226,0.109780514,0.127513524,TCCAGGTGAA,D04,1,18.51,20.76
28,BD0046,0.064104576,0.69496579,0.175412717,0.065516917,GCATGTTGAA,E04,1,20.91,23.97
29,BD0047,0.072549538,0.750805812,0.102298547,0.074346103,TCGAGAACAA,F04,1,23.93,27.04
30,BD0048,0.883141762,0.107758621,0.008381226,0.000718391,GACACAACAA,G04,1,34.86,36.16
31,BD0049,0.703869371,0.224692752,0.065314631,0.006123247,CAGAAGACAA,H04,1,27.96,30.31
32,BD0050,0.052335122,0.778928461,0.072581718,0.096154699,CCACGGACAA,A05,1,22.87,25.94
33,BD0051,0.949121339,0.047866109,0.002175732,0.00083682,GTTCCGACAA,B05,1,30.64,33.17
34,BD0052,0.886552567,0.112958435,0.000488998,0,TTGGTGACAA,C05,0,,
35,BD0053,0.935948081,0.057938299,0.006113619,0,ACAATGGCAA,D05,0,,
36,BD0054,0.91656997,0.059874681,0.023555349,0,CGCAGTGCAA,E05,0,,
37,BD0055,0.912806989,0.077962749,0.009065436,0.000164826,CCATAACCAA,F05,0,,
38,BD0056,0.973881001,0.022217405,0.003793216,0.000108378,AGTCTACCAA,G05,0,,
39,BD0057,0.950515002,0.030900134,0.018584863,0,GAAGCGCCAA,H05,0,,
40,BD0058,0.86568915,0.077223851,0.057086999,0,TACCTTCCAA,A06,0,,
41,BD0059,0.96119403,0.008955224,0.029253731,0.000597015,TCCGCATCAA,B06,0,,
42,BD0060,0.856252597,0.026589115,0.117158288,0,AGTACGTCAA,C06,0,,
43,BD0061,0.713499421,0.281720742,0.004634994,0.000144844,ACATCCTCAA,D06,0,,
44,BD0062,0.853083317,0.108061086,0.038855596,0,GGAGATTCAA,E06,0,,
45,BD0063,0.944168734,0.055521092,0.000310174,0,GGTGAGATAA,F06,0,,
46,BD0064,0.7120954,0.223168654,0.063032368,0.001703578,GCAACGATAA,G06,0,,
47,BD0065,0.784180791,0.192843691,0.02259887,0.000376648,CTAGGCATAA,H06,0,,
48,BD0066,0.924224344,0.021479714,0.05071599,0.003579952,TGGCGTATAA,A07,0,,
49,BD0067,0.915960452,0.076200565,0.007768362,7.06E-05,CCAGAGGTAA,B07,0,,
50,BD0068,0.939244663,0.059239611,0.001515726,0,AAGGTGGTAA,C07,0,,
51,BD0069,0.989141752,0.010709505,0.000148743,0,GGCTAACTAA,D07,0,,
52,BD0070,0.954745813,0.042756391,0.002350867,0.000146929,ATCGGACTAA,E07,0,,
53,BD0071,0.867349817,0.124847231,0.007426906,0.000376046,CAACTCCTAA,F07,0,,
54,BD0072,0.977316806,0.02158698,0.000843241,0.000252972,CGTCTGTTAA,G07,0,,
55,BD0073,0.671003717,0.035935564,0.293060719,0,GAGTATGCGA,H07,0,,
56,BD0074,0.950642523,0.020151869,0.029205607,0,TTCACGCCGA,A08,0,,
57,BD0075,0.961856694,0.036074797,0.001985769,8.27E-05,AATTCCGTGA,B08,0,,
58,BD0076,0.939487179,0.027692308,0.032820513,0,GCGATTGACA,C08,0,,
59,BD0077,0.933745087,0.03630919,0.029571402,0.000374322,TGCTTGCACA,D08,0,,
60,BD0078,0.937789799,0.044629057,0.010239567,0.007341577,TATGTAGGCA,E08,0,,
61,BD0079,0.650851349,0.031949493,0.317199158,0,GTTATACGCA,F08,0,,
62,BD0080,0.984672154,0.010786262,0.004541584,0,GTCTCATGCA,G08,0,,
63,BD0081,0.984116651,0.00846244,0.007290717,0.000130191,AAGACCATCA,H08,0,,
64,BD0082,0.802409639,0.116465863,0.081124498,0,GGCCTAGTCA,A09,0,,
65,BD0083,0.952897606,0.043294559,0.003807835,0,CTTGTGCTCA,B09,0,,
66,BD0084,0.342078847,0.64217923,0.015650666,9.13E-05,AACAGGTTCA,C09,0,,
67,BD0085,0.881983543,0.097228237,0.020571676,0.000216544,TTGGAAGGTA,D09,0,,
68,BD0086,0.835443038,0.033527198,0.131029764,0,TCGTATCGTA,E09,0,,
69,BD0087,0.967264038,0.024014337,0.008602151,0.000119474,ACGCATACTA,F09,0,,
70,BD0088,0.91167869,0.056931176,0.031390135,0,GTCCTGGCTA,G09,0,,
71,BD0089,0.830286411,0.118525289,0.0511883,0,GTACCACCTA,H09,0,,
72,BD0090,0.978155526,0.009768479,0.011999077,7.69E-05,GAACAGTCTA,A10,0,,
73,BD0091,0.973154362,0.017388652,0.009456986,0,GGCACCATTA,B10,0,,
74,BD0092,0.992225319,0.00630776,0.001026845,0.000440076,CCGGTTATTA,C10,0,,
75,BD0093,0.967100884,0.029666255,0.002947609,0.000285252,CATCCACTTA,D10,0,,
76,BD0094,0.944323284,0.050032072,0.005644644,0,AGGAAGCTTA,E10,0,,
77,BD0095,0.982516728,0.013813943,0.003525433,0.000143895,AGTTGCCTTA,F10,0,,
78,BD0096,0.97770105,0.014961876,0.007337074,0,GTGCTATTAG,G10,0,,
79,BD0097,0.658416898,0.059099637,0.282483465,0,GACATTGAGG,H10,0,,
80,BD0098,0.978608696,0.01826087,0.001217391,0.001913043,TTAGCTTAGG,A11,0,,
81,BD0099,0.975436681,0.020014556,0.004548763,0,TTCCTAACGG,B11,0,,
82,BD0100,0.738422058,0.2397947,0.021783242,0,ATACCGACGG,C11,0,,
83,BD0101,0.866666667,0.105759162,0.026527051,0.00104712,TGTAAGGCGG,D11,0,,
84,BD0102,0.610074399,0.248201,0.141724601,0,ATTATGCCGG,E11,0,,
85,BD0103,0.925777005,0.07074549,0.003477505,0,TCTTCTCCGG,F11,0,,
86,BD0104,0.849793343,0.139873831,0.010224059,0.000108767,TAAGAATCGG,G11,0,,
87,BD0105,0.834376957,0.014871634,0.150751409,0,GTTCGTTCGG,H11,0,,
88,BD0106,0.899325247,0.100136606,0.00049675,4.14E-05,CTGTCGATGG,A12,0,,
89,BD0107,0.967897271,0.013376137,0.018726592,0,GCGCTTATGG,B12,0,,
90,BD0108,0.932722396,0.050961109,0.015645954,0.000670541,CATATAGTGG,C12,0,,
91,BD0109,0.901191658,0.082919563,0.015640516,0.000248262,GTAGTGGTGG,D12,0,,
92,BD0110,0.948212778,0.028708134,0.023079088,0,AAGTTACTGG,E12,0,,
93,BD0111,0.973712303,0.021617294,0.004670403,0,GTTAATCTGG,F12,0,,
94,BD0112,0.918540544,0.077494889,0.003964567,0,CATCGTCTGG,G12,0,,
95,BD0113,0.877459016,0.119262295,0.003278689,0,TCAGTTCGCG,H12,0,,
0,BD0018,0.029159914,0.796988865,0.127262272,0.046588949,CTCACCTCTA,A01,1,19.19,22.17
1,BD0019,0.846794338,0.096447405,0.056064391,0.000693866,GATCGCGTAA,B01,1,30.6,33.22
2,BD0020,0.044827728,0.822866455,0.12280894,0.009496878,AGAGCCAGTA,C01,1,20.4,23.11
3,BD0021,0.342473357,0.464587034,0.190201303,0.002738307,GGAAGAAGAA,D01,1,25.03,27.47
4,BD0022,0.031767296,0.819547759,0.117833173,0.030851773,CCTTGAAGAA,E01,1,17.91,20.72
5,BD0023,0.648027444,0.183876501,0.165008576,0.003087479,TTGCCAAGAA,F01,1,28.66,30.59
6,BD0024,0.736056559,0.161429694,0.101728201,0.000785546,AAGCGGAGAA,G01,1,30.74,32.62
7,BD0025,0.022430363,0.838860204,0.125535911,0.013173522,CGTAACAGAA,H01,1,21.67,25.68
10,BD0028,0.078963846,0.793779035,0.10019188,0.027065239,CGGTCTAGAA,C02,1,21.67,25.1
11,BD0029,0.869135802,0.070335097,0.059611993,0.000917108,CGACAAGGAA,D02,1,31.18,32.08
12,BD0030,0.088939682,0.80573532,0.090784751,0.014540247,ATGAGAGGAA,E02,1,22.94,26.75
13,BD0031,0.983380056,0.014417301,0.002202643,0,GGTTCAGGAA,F02,1,32.83,35.15
14,BD0032,0.109225481,0.674057787,0.211235329,0.005481403,ACCGTAGGAA,G02,1,22.42,23.87
15,BD0033,0.116171886,0.644367629,0.23085265,0.008607835,TCAACCGGAA,H02,1,18.79,19.42
16,BD0034,0.144071775,0.609797536,0.195548336,0.050582353,CTATTCGGAA,A03,1,21.53,24.17
17,BD0035,0.558995198,0.311562615,0.126856298,0.002585888,TTCTGTGGAA,B03,1,25.2,28.03
18,BD0036,0.023402398,0.754441769,0.141691416,0.080464416,GAACTTGGAA,C03,1,14.79,18.17
19,BD0037,0.032919364,0.794616235,0.149911292,0.022553108,TCTCAACGAA,D03,1,13.47,16.42
20,BD0038,0.620122711,0.253187614,0.123621896,0.003067779,AATGCACGAA,E03,1,28.09,29.61
21,BD0039,0.019936993,0.79382258,0.117166155,0.069074273,AGCCAGCGAA,F03,1,12.54,16.71
22,BD0040,0.971674598,0.012803082,0.015409019,0.000113302,CTTCGGCGAA,G03,0,,
23,BD0041,0.960714286,0.030357143,0.008766234,0.000162338,TAGGACCGAA,H03,0,,
24,BD0042,0.949659864,0.047619048,0.001360544,0.001360544,CCGAGTCGAA,A04,0,,
25,BD0043,0.847635135,0.149493243,0.002533784,0.000337838,ATGGTTCGAA,B04,0,,
26,BD0044,0.957264957,0.04042504,0.002310002,0,TGGTAGTGAA,C04,0,,
27,BD0045,0.941786845,0.054695744,0.003517411,0,TCCAGGTGAA,D04,0,,
28,BD0046,0.966166667,0.033,0.000833333,0,GCATGTTGAA,E04,0,,
30,BD0048,0.977986287,0.017683147,0.004330567,0,GACACAACAA,G04,0,,
31,BD0049,0.872063179,0.107798618,0.020138203,0,CAGAAGACAA,H04,0,,
32,BD0050,0.96071277,0.035808231,0.003394145,8.49E-05,CCACGGACAA,A05,0,,
34,BD0052,0.924398625,0.074570447,0.000687285,0.000343643,TTGGTGACAA,C05,0,,
35,BD0053,0.917472666,0.079688814,0.002733389,0.00010513,ACAATGGCAA,D05,0,,
36,BD0054,0.921107889,0.077442256,0.001449855,0,CGCAGTGCAA,E05,0,,
37,BD0055,0.89907238,0.099229161,0.001633133,6.53E-05,CCATAACCAA,F05,0,,
38,BD0056,0.985854106,0.012693072,0.001452822,0,AGTCTACCAA,G05,0,,
39,BD0057,0.976766699,0.022541834,0.000691467,0,GAAGCGCCAA,H05,0,,
40,BD0058,0.960279993,0.037603777,0.00211623,0,TACCTTCCAA,A06,0,,
41,BD0059,0.96969697,0.024621212,0.00530303,0.000378788,TCCGCATCAA,B06,0,,
42,BD0060,0.85479798,0.126683502,0.018518519,0,AGTACGTCAA,C06,0,,
43,BD0061,0.495013599,0.501813237,0.003059837,0.000113327,ACATCCTCAA,D06,0,,
44,BD0062,0.949151185,0.039077514,0.0117713,0,GGAGATTCAA,E06,0,,
45,BD0063,0.929992149,0.064511908,0.005495943,0,GGTGAGATAA,F06,0,,
46,BD0064,0.886491557,0.063789869,0.048780488,0.000938086,GCAACGATAA,G06,0,,
47,BD0065,0.948204826,0.050618011,0.001177163,0,CTAGGCATAA,H06,0,,
49,BD0067,0.912506228,0.086646736,0.000747384,9.97E-05,CCAGAGGTAA,B07,0,,
50,BD0068,0.860347911,0.138514063,0.001138026,0,AAGGTGGTAA,C07,0,,
51,BD0069,0.988772778,0.010622679,0.000604543,0,GGCTAACTAA,D07,0,,
52,BD0070,0.959422658,0.039124909,0.001270879,0.000181554,ATCGGACTAA,E07,0,,
53,BD0071,0.979140469,0.014720024,0.005621718,0.00051779,CAACTCCTAA,F07,0,,
54,BD0072,0.970492118,0.029027297,0.000384468,9.61E-05,CGTCTGTTAA,G07,0,,
56,BD0074,0.987857859,0.010137017,0.001559541,0.000445583,TTCACGCCGA,A08,0,,
57,BD0075,0.97228356,0.027564151,0.000152288,0,AATTCCGTGA,B08,0,,
58,BD0076,0.994434681,0.005272408,0,0.000292912,GCGATTGACA,C08,0,,
59,BD0077,0.965431661,0.024286474,0.010281865,0,TGCTTGCACA,D08,0,,
60,BD0078,0.996128578,0.003167527,0.000586579,0.000117316,TATGTAGGCA,E08,0,,
61,BD0079,0.996456519,0.003543481,0,0,GTTATACGCA,F08,0,,
62,BD0080,0.999309154,0.000345423,0.000172712,0.000172712,GTCTCATGCA,G08,0,,
63,BD0081,0.993927684,0.003312172,0.002622136,0.000138007,AAGACCATCA,H08,0,,
64,BD0082,0.979114941,0.019424566,0.001460494,0,GGCCTAGTCA,A09,0,,
65,BD0083,0.908201439,0.088129496,0.00352518,0.000143885,CTTGTGCTCA,B09,0,,
66,BD0084,0.987977321,0.01010998,0.001844388,6.83E-05,AACAGGTTCA,C09,0,,
67,BD0085,0.970864662,0.02537594,0.003759398,0,TTGGAAGGTA,D09,0,,
68,BD0086,0.955339154,0.021490934,0.023169913,0,TCGTATCGTA,E09,0,,
69,BD0087,0.971281296,0.026509573,0.001840943,0.000368189,ACGCATACTA,F09,0,,
72,BD0090,0.989137532,0.008547516,0.001958806,0.000356146,GAACAGTCTA,A10,0,,
73,BD0091,0.990596076,0.004220659,0.005035172,0.000148093,GGCACCATTA,B10,0,,
74,BD0092,0.996468389,0.002354408,0.001177204,0,CCGGTTATTA,C10,0,,
75,BD0093,0.972771909,0.022913257,0.004166047,0.000148787,CATCCACTTA,D10,0,,
76,BD0094,0.991173875,0.007551241,0.001274885,0,AGGAAGCTTA,E10,0,,
77,BD0095,0.820754717,0.132075472,0.04245283,0.004716981,AGTTGCCTTA,F10,0,,
79,BD0097,0.992606725,0.006200811,0.000953971,0.000238493,GACATTGAGG,H10,0,,
80,BD0098,0.832351609,0.152695967,0.005437245,0.009515179,TTAGCTTAGG,A11,0,,
81,BD0099,0.973860063,0.018867925,0.007272013,0,TTCCTAACGG,B11,0,,
82,BD0100,0.903539789,0.087449146,0.008897,0.000114064,ATACCGACGG,C11,0,,
83,BD0101,0.913782511,0.08150727,0.004607823,0.000102396,TGTAAGGCGG,D11,0,,
84,BD0102,0.942753777,0.052777187,0.004469036,0,ATTATGCCGG,E11,0,,
85,BD0103,0.935449938,0.062254949,0.002295113,0,TCTTCTCCGG,F11,0,,
86,BD0104,0.908223535,0.080569438,0.010752688,0.000454339,TAAGAATCGG,G11,0,,
87,BD0105,0.992837043,0.003069839,0.004093118,0,GTTCGTTCGG,H11,0,,
88,BD0106,0.881919825,0.082356149,0.035451323,0.000272702,CTGTCGATGG,A12,0,,
89,BD0107,0.952177016,0.014275517,0.032119914,0.001427552,GCGCTTATGG,B12,0,,
90,BD0108,0.934537053,0.044240972,0.020965258,0.000256717,CATATAGTGG,C12,0,,
91,BD0109,0.852288488,0.109570042,0.037679149,0.000462321,GTAGTGGTGG,D12,0,,
92,BD0110,0.911855142,0.078237103,0.009566109,0.000341647,AAGTTACTGG,E12,0,,
93,BD0111,0.958868145,0.029609102,0.011085181,0.000437573,GTTAATCTGG,F12,0,,
94,BD0112,0.825075834,0.12049208,0.053926525,0.000505561,CATCGTCTGG,G12,0,,
95,BD0113,0.912021858,0.084153005,0.003825137,0,TCAGTTCGCG,H12,0,,
0,BD0018,0.064353095,0.797545544,0.096886099,0.041215261,CTCACCTCTA,A01,1,21.62,25.2
1,BD0019,0.045953669,0.776824166,0.134319829,0.042902337,GATCGCGTAA,B01,1,19.61,22.58
3,BD0021,0.522155494,0.472650544,0.004057783,0.001136179,GGAAGAAGAA,D01,0,,
4,BD0022,0.647215225,0.348306745,0.004338091,0.000139938,CCTTGAAGAA,E01,0,,
5,BD0023,0.843008994,0.152085037,0.004905969,0,TTGCCAAGAA,F01,0,,
6,BD0024,0.498648649,0.387387387,0.106306306,0.007657658,AAGCGGAGAA,G01,0,,
7,BD0025,0.608846059,0.38176427,0.009142575,0.000247097,CGTAACAGAA,H01,0,,
8,BD0026,0.155804167,0.495483937,0.289797804,0.058914092,TGACTCAGAA,A02,1,23.38,26.38
9,BD0027,0.033005482,0.650919058,0.255079007,0.060996453,GCCAATAGAA,B02,1,17.05,18.04
10,BD0028,0.580221998,0.381432896,0.028254289,0.010090817,CGGTCTAGAA,C02,0,,
11,BD0029,0.156422864,0.828211432,0.011985249,0.003380455,CGACAAGGAA,D02,0,,
13,BD0031,0.919478528,0.07898773,0.001533742,0,GGTTCAGGAA,F02,0,,
14,BD0032,0.889289289,0.056656657,0.053853854,0.0002002,ACCGTAGGAA,G02,0,,
15,BD0033,0.224180328,0.220901639,0.554508197,0.000409836,TCAACCGGAA,H02,0,,
18,BD0036,0.339568345,0.624460432,0.028776978,0.007194245,GAACTTGGAA,C03,0,,
19,BD0037,0.777777778,0.221148685,0.001073537,0,TCTCAACGAA,D03,0,,
20,BD0038,0.961412009,0.03789583,0.000519121,0.00017304,AATGCACGAA,E03,0,,
21,BD0039,0.744975435,0.234479678,0.020544886,0,AGCCAGCGAA,F03,0,,
23,BD0041,0.93673798,0.060271452,0.002990568,0,TAGGACCGAA,H03,0,,
24,BD0042,0.027347015,0.758450181,0.157721237,0.056481567,CCGAGTCGAA,A04,1,24.91,28.69
25,BD0043,0.483663781,0.434236247,0.07651494,0.005585032,ATGGTTCGAA,B04,1,30.42,33.52
26,BD0044,0.889891697,0.101083032,0.009025271,0,TGGTAGTGAA,C04,0,,
27,BD0045,0.943874059,0.052019165,0.004106776,0,TCCAGGTGAA,D04,0,,
32,BD0050,0.028908313,0.806154967,0.079258855,0.085677866,CCACGGACAA,A05,1,19.19,20.9
34,BD0052,0.786259542,0.213740458,0,0,TTGGTGACAA,C05,0,,
35,BD0053,0.959541063,0.039855072,0.000603865,0,ACAATGGCAA,D05,0,,
36,BD0054,0.626863354,0.368322981,0.004503106,0.000310559,CGCAGTGCAA,E05,0,,
37,BD0055,0.748344371,0.250946074,0.000709555,0,CCATAACCAA,F05,0,,
39,BD0057,0.945901639,0.053278689,0.000409836,0.000409836,GAAGCGCCAA,H05,0,,
40,BD0058,0.028654978,0.745469985,0.167524358,0.058350679,TACCTTCCAA,A06,1,14.67,17.17
41,BD0059,0.395798936,0.457255549,0.130893414,0.016052101,TCCGCATCAA,B06,1,26.18,29.15
43,BD0061,0.387146643,0.610644876,0.001987633,0.000220848,ACATCCTCAA,D06,0,,
44,BD0062,0.956305653,0.035411058,0.008283288,0,GGAGATTCAA,E06,0,,
45,BD0063,0.82452381,0.17547619,0,0,GGTGAGATAA,F06,0,,
46,BD0064,0.965994106,0.033779188,0.000226706,0,GCAACGATAA,G06,0,,
47,BD0065,0.886066003,0.110267156,0.003666841,0,CTAGGCATAA,H06,0,,
48,BD0066,0.198010726,0.598661594,0.180226429,0.023101251,TGGCGTATAA,A07,1,24.74,27.81
49,BD0067,0.038706269,0.754522535,0.133037194,0.073734002,CCAGAGGTAA,B07,1,16.72,19.26
50,BD0068,0.576329331,0.370068611,0.053173242,0.000428816,AAGGTGGTAA,C07,0,,
51,BD0069,0.769980507,0.192982456,0.037037037,0,GGCTAACTAA,D07,0,,
52,BD0070,0.882188721,0.115950121,0.001116695,0.000744463,ATCGGACTAA,E07,0,,
53,BD0071,0.842841765,0.144241119,0.012558306,0.000358809,CAACTCCTAA,F07,0,,
54,BD0072,0.982587065,0.017412935,0,0,CGTCTGTTAA,G07,0,,
56,BD0074,0.016298047,0.78045702,0.112149053,0.09109588,TTCACGCCGA,A08,1,16.86,19.3
57,BD0075,0.89437258,0.078025871,0.026777622,0.000823927,AATTCCGTGA,B08,1,32.21,33.15
58,BD0076,0.855685131,0.106413994,0.036443149,0.001457726,GCGATTGACA,C08,0,,
59,BD0077,0.976810954,0.020980565,0.002208481,0,TGCTTGCACA,D08,0,,
60,BD0078,0.908414873,0.089041096,0.001174168,0.001369863,TATGTAGGCA,E08,0,,
61,BD0079,0.762931034,0.233836207,0.002155172,0.001077586,GTTATACGCA,F08,0,,
62,BD0080,0.986930921,0.013069079,0,0,GTCTCATGCA,G08,0,,
63,BD0081,0.874528302,0.075786164,0.049371069,0.000314465,AAGACCATCA,H08,0,,
64,BD0082,0.01247899,0.785263952,0.112935204,0.089321854,GGCCTAGTCA,A09,1,18.49,21.92
65,BD0083,0.082532624,0.815669026,0.078523664,0.023274687,CTTGTGCTCA,B09,1,23.24,27.99
66,BD0084,0.685473737,0.310882131,0.003392812,0.000251319,AACAGGTTCA,C09,0,,
67,BD0085,0.837141821,0.16177004,0.001088139,0,TTGGAAGGTA,D09,0,,
68,BD0086,0.898280802,0.045845272,0.055587393,0.000286533,TCGTATCGTA,E09,0,,
69,BD0087,0.975465085,0.014828795,0.008897277,0.000808843,ACGCATACTA,F09,0,,
72,BD0090,0.026072435,0.637503427,0.190464618,0.14595952,GAACAGTCTA,A10,1,14.59,18.41
73,BD0091,0.025564195,0.7187833,0.130901763,0.124750741,GGCACCATTA,B10,1,18.32,22.18
74,BD0092,0.98130217,0.016026711,0.002671119,0,CCGGTTATTA,C10,0,,
75,BD0093,0.56466877,0.372239748,0.05362776,0.009463722,CATCCACTTA,D10,0,,
76,BD0094,0.987678047,0.009043636,0.003278318,0,AGGAAGCTTA,E10,0,,
78,BD0096,0.995485327,0.00282167,0.001693002,0,GTGCTATTAG,G10,0,,
80,BD0098,0.915044248,0.077679449,0.006686332,0.000589971,TTAGCTTAGG,A11,1,31.43,35.92
81,BD0099,0.467020703,0.362271993,0.153390287,0.017317017,TTCCTAACGG,B11,1,26.98,29.96
82,BD0100,0.536498937,0.435759846,0.027741217,0,ATACCGACGG,C11,0,,
83,BD0101,0.70842032,0.280445372,0.009742519,0.001391788,TGTAAGGCGG,D11,0,,
84,BD0102,0.812745098,0.173284314,0.013970588,0,ATTATGCCGG,E11,0,,
85,BD0103,0.819060167,0.179183136,0.001756697,0,TCTTCTCCGG,F11,0,,
86,BD0104,0.98996428,0.009355333,0.000680388,0,TAAGAATCGG,G11,0,,
87,BD0105,0.982345523,0.006485318,0.010448568,0.000720591,GTTCGTTCGG,H11,0,,
88,BD0106,0.03624214,0.691437156,0.144742337,0.127578366,CTGTCGATGG,A12,1,18.47,21.96
89,BD0107,0.04119367,0.772015824,0.102855177,0.083935329,GCGCTTATGG,B12,1,21.14,24.79
90,BD0108,0.901104972,0.096685083,0.000552486,0.001657459,CATATAGTGG,C12,0,,
91,BD0109,0.963906582,0.035739561,0.000353857,0,GTAGTGGTGG,D12,0,,
92,BD0110,0.883625129,0.112255407,0.003089598,0.001029866,AAGTTACTGG,E12,0,,
93,BD0111,0.99392815,0.005565863,0.000337325,0.000168663,GTTAATCTGG,F12,0,,
94,BD0112,0.754706431,0.241565704,0.002609506,0.00111836,CATCGTCTGG,G12,0,,
95,BD0113,0.907447578,0.091829356,0.000723066,0,TCAGTTCGCG,H12,0,,
0,BD0018,0.927020819,0.068311477,0.004371342,0.000296362,CTCACCTCTA,A01,0,,
1,BD0019,0.977864194,0.020839565,0.001096819,0.000199422,GATCGCGTAA,B01,0,,
2,BD0020,0.839937509,0.158074137,0.001988354,0,AGAGCCAGTA,C01,0,,
3,BD0021,0.726306466,0.270150576,0.003416424,0.000126534,GGAAGAAGAA,D01,0,,
4,BD0022,0.943387946,0.053101229,0.003510825,0,CCTTGAAGAA,E01,0,,
5,BD0023,0.970393058,0.029606942,0,0,TTGCCAAGAA,F01,0,,
6,BD0024,0.406936813,0.441019918,0.126459478,0.025583791,AAGCGGAGAA,G01,1,26.72,30.05
7,BD0025,0.848603352,0.099255121,0.05027933,0.001862197,CGTAACAGAA,H01,1,30.3,34.24
8,BD0026,0.799586777,0.178719008,0.019628099,0.002066116,TGACTCAGAA,A02,0,,
9,BD0027,0.95821256,0.039371981,0.002173913,0.000241546,GCCAATAGAA,B02,0,,
10,BD0028,0.971026288,0.028892325,8.14E-05,0,CGGTCTAGAA,C02,0,,
11,BD0029,0.906382007,0.091848385,0.000742094,0.001027515,CGACAAGGAA,D02,0,,
12,BD0030,0.878464616,0.120297171,0.001238213,0,ATGAGAGGAA,E02,0,,
13,BD0031,0.99160105,0.00808399,0.000314961,0,GGTTCAGGAA,F02,0,,
14,BD0032,0.695940224,0.196612702,0.10366127,0.003785803,ACCGTAGGAA,G02,1,27.07,29.23
15,BD0033,0.047518847,0.68039102,0.194963135,0.077126999,TCAACCGGAA,H02,1,20.09,21.8
16,BD0034,0.968337085,0.029607517,0.00200646,4.89E-05,CTATTCGGAA,A03,0,,
17,BD0035,0.812546399,0.158129176,0.024127691,0.005196733,TTCTGTGGAA,B03,0,,
18,BD0036,0.611891386,0.368913858,0.016385768,0.002808989,GAACTTGGAA,C03,0,,
19,BD0037,0.952973721,0.044951591,0.001901798,0.000172891,TCTCAACGAA,D03,0,,
20,BD0038,0.795545167,0.183143132,0.020761721,0.000549979,AATGCACGAA,E03,0,,
21,BD0039,0.734636872,0.249800479,0.015363128,0.000199521,AGCCAGCGAA,F03,0,,
22,BD0040,0.071175609,0.6014478,0.192087981,0.13528861,CTTCGGCGAA,G03,1,20.5,23.43
24,BD0042,0.402109912,0.579489696,0.0171737,0.001226693,CCGAGTCGAA,A04,0,,
25,BD0043,0.96068357,0.038422875,0.000781861,0.000111694,ATGGTTCGAA,B04,0,,
26,BD0044,0.946174548,0.052095348,0.001730104,0,TGGTAGTGAA,C04,0,,
27,BD0045,0.800132071,0.198657275,0.001210654,0,TCCAGGTGAA,D04,0,,
28,BD0046,0.773420479,0.224255628,0.002178649,0.000145243,GCATGTTGAA,E04,0,,
29,BD0047,0.818650422,0.156044986,0.025304592,0,TCGAGAACAA,F04,0,,
30,BD0048,0.844607379,0.114829707,0.03500473,0.005558184,GACACAACAA,G04,1,30.09,32.75
31,BD0049,0.119481279,0.44130955,0.321149043,0.118060127,CAGAAGACAA,H04,1,22.14,23.44
32,BD0050,0.859607596,0.136079112,0.00231445,0.001998843,CCACGGACAA,A05,0,,
33,BD0051,0.913656388,0.084581498,0.001762115,0,GTTCCGACAA,B05,0,,
34,BD0052,0.910451547,0.088533739,0.001014713,0,TTGGTGACAA,C05,0,,
35,BD0053,0.915871818,0.0811089,0.003019282,0,ACAATGGCAA,D05,0,,
36,BD0054,0.741235793,0.255162478,0.003201537,0.000400192,CGCAGTGCAA,E05,0,,
37,BD0055,0.806472963,0.191409094,0.002117943,0,CCATAACCAA,F05,0,,
38,BD0056,0.962358485,0.026090455,0.011206253,0.000344808,AGTCTACCAA,G05,1,30.97,33.21
39,BD0057,0.083068332,0.6638486,0.169678637,0.083404431,GAAGCGCCAA,H05,1,23.1,24.47
40,BD0058,0.924868436,0.073060128,0.001959467,0.00011197,TACCTTCCAA,A06,0,,
41,BD0059,0.908795249,0.085548643,0.005373303,0.000282805,TCCGCATCAA,B06,0,,
42,BD0060,0.924393472,0.067931187,0.007675342,0,AGTACGTCAA,C06,0,,
43,BD0061,0.703986109,0.292163672,0.003774724,7.55E-05,ACATCCTCAA,D06,0,,
44,BD0062,0.921624443,0.04507069,0.033304868,0,GGAGATTCAA,E06,0,,
45,BD0063,0.925548398,0.073391503,0.001060099,0,GGTGAGATAA,F06,0,,
46,BD0064,0.024826595,0.610221595,0.148994207,0.215957603,GCAACGATAA,G06,1,14.85,17.73
47,BD0065,0.017287639,0.757240448,0.119928832,0.105543081,CTAGGCATAA,H06,1,21.55,23.18
48,BD0066,0.980080686,0.01727181,0.002395361,0.000252143,TGGCGTATAA,A07,0,,
49,BD0067,0.9092405,0.087777035,0.002725356,0.000257109,CCAGAGGTAA,B07,0,,
50,BD0068,0.773018153,0.223586261,0.003264986,0.000130599,AAGGTGGTAA,C07,0,,
51,BD0069,0.944867387,0.053904715,0.000859528,0.000368369,GGCTAACTAA,D07,0,,
52,BD0070,0.906046977,0.091766617,0.001686657,0.00049975,ATCGGACTAA,E07,0,,
53,BD0071,0.974008997,0.024376177,0.001422584,0.000192241,CAACTCCTAA,F07,0,,
54,BD0072,0.968745808,0.024949698,0.006237425,6.71E-05,CGTCTGTTAA,G07,1,32,36.37
55,BD0073,0.013591886,0.696586167,0.160044249,0.129777698,GAGTATGCGA,H07,1,16.46,19.84
56,BD0074,0.972166579,0.025513969,0.002003163,0.000316289,TTCACGCCGA,A08,0,,
57,BD0075,0.851615509,0.148061389,0.000323102,0,AATTCCGTGA,B08,0,,
58,BD0076,0.959264931,0.03797856,0.001531394,0.001225115,GCGATTGACA,C08,0,,
59,BD0077,0.98557639,0.013868856,0.000443803,0.000110951,TGCTTGCACA,D08,0,,
60,BD0078,0.875653828,0.120542083,0.003328578,0.000475511,TATGTAGGCA,E08,0,,
61,BD0079,0.945550886,0.045678787,0.007582679,0.001187648,GTTATACGCA,F08,0,,
62,BD0080,0.973242066,0.017050404,0.009458619,0.000248911,GTCTCATGCA,G08,1,34.08,35.83
63,BD0081,0.06197636,0.638071596,0.19136647,0.108585574,AAGACCATCA,H08,1,18.45,21.7
64,BD0082,0.860520095,0.120567376,0.016942474,0.001970055,GGCCTAGTCA,A09,0,,
65,BD0083,0.881682908,0.1159468,0.002106927,0.000263366,CTTGTGCTCA,B09,0,,
66,BD0084,0.438921904,0.535986554,0.024551294,0.000540249,AACAGGTTCA,C09,0,,
67,BD0085,0.839655847,0.158258376,0.002085778,0,TTGGAAGGTA,D09,0,,
68,BD0086,0.706666667,0.088438819,0.204725738,0.000168776,TCGTATCGTA,E09,0,,
69,BD0087,0.868078176,0.113599349,0.017915309,0.000407166,ACGCATACTA,F09,0,,
70,BD0088,0.677345538,0.149068323,0.159638226,0.013947913,GTCCTGGCTA,G09,1,28.93,29.92
71,BD0089,0.013903147,0.665303397,0.191906481,0.128886976,GTACCACCTA,H09,1,12.14,14.76
72,BD0090,0.979470316,0.016885887,0.003288304,0.000355492,GAACAGTCTA,A10,0,,
73,BD0091,0.989121251,0.008238276,0.002429235,0.000211238,GGCACCATTA,B10,0,,
74,BD0092,0.990321332,0.007162214,0.002129307,0.000387147,CCGGTTATTA,C10,0,,
75,BD0093,0.576875769,0.316113161,0.088560886,0.018450185,CATCCACTTA,D10,0,,
76,BD0094,0.959117647,0.031411765,0.009470588,0,AGGAAGCTTA,E10,0,,
77,BD0095,0.924560898,0.063489778,0.011661388,0.000287936,AGTTGCCTTA,F10,0,,
78,BD0096,0.055797462,0.615534544,0.193663432,0.135004562,GTGCTATTAG,G10,1,22.29,24.67
79,BD0097,0.045611982,0.618678461,0.136596084,0.199113473,GACATTGAGG,H10,1,18.55,21.99
80,BD0098,0.957528958,0.037506895,0.00275786,0.002206288,TTAGCTTAGG,A11,0,,
81,BD0099,0.956663241,0.037684138,0.005310038,0.000342583,TTCCTAACGG,B11,0,,
82,BD0100,0.381149837,0.610556988,0.007956965,0.00033621,ATACCGACGG,C11,0,,
83,BD0101,0.892778993,0.099240572,0.007336852,0.000643583,TGTAAGGCGG,D11,0,,
84,BD0102,0.761285748,0.188371543,0.050185141,0.000157567,ATTATGCCGG,E11,0,,
85,BD0103,0.82575831,0.171818975,0.002325807,9.69E-05,TCTTCTCCGG,F11,0,,
86,BD0104,0.373492355,0.287808815,0.281172936,0.057525893,TAAGAATCGG,G11,1,26.57,27.55
87,BD0105,0.023128569,0.650092607,0.155093379,0.171685445,GTTCGTTCGG,H11,1,1744,21.06
88,BD0106,0.921809316,0.075836556,0.0021019,0.000252228,CTGTCGATGG,A12,0,,
89,BD0107,0.970467156,0.028637909,0.000715948,0.000178987,GCGCTTATGG,B12,0,,
90,BD0108,0.911721003,0.0865746,0.001442182,0.000262215,CATATAGTGG,C12,0,,
91,BD0109,0.880245803,0.107314149,0.012140288,0.00029976,GTAGTGGTGG,D12,0,,
92,BD0110,0.942717637,0.05501965,0.002262713,0,AAGTTACTGG,E12,0,,
93,BD0111,0.951193176,0.046215312,0.002483533,0.00010798,GTTAATCTGG,F12,0,,
94,BD0112,0.041883518,0.576533415,0.209919718,0.171663349,CATCGTCTGG,G12,1,18.11,19.43
95,BD0113,0.233731311,0.589329891,0.139292245,0.037646553,TCAGTTCGCG,H12,1,27.16,30.2
0,BD0018,0.687707641,0.311203094,0.000735254,0.000354011,CTCACCTCTA,A01,0,,
1,BD0019,0.785920369,0.202346605,0.011733026,0,GATCGCGTAA,B01,0,,
2,BD0020,0.520217202,0.465528944,0.013962959,0.000290895,AGAGCCAGTA,C01,0,,
3,BD0021,0.56076943,0.395065988,0.035452428,0.008712154,GGAAGAAGAA,D01,1,29.52,32.42
4,BD0022,0.820791311,0.152831652,0.026204638,0.000172399,CCTTGAAGAA,E01,1,32.18,33.52
5,BD0023,0.870383275,0.128919861,0.000696864,0,TTGCCAAGAA,F01,0,,
6,BD0024,0.914225941,0.082519758,0.0032543,0,AAGCGGAGAA,G01,0,,
7,BD0025,0.809023609,0.18467387,0.006202481,0.00010004,CGTAACAGAA,H01,0,,
8,BD0026,0.751894695,0.228161149,0.018747507,0.001196649,TGACTCAGAA,A02,0,,
9,BD0027,0.902255639,0.090552468,0.005230467,0.001961425,GCCAATAGAA,B02,0,,
10,BD0028,0.938501935,0.060668878,0.000414594,0.000414594,CGGTCTAGAA,C02,0,,
11,BD0029,0.023389715,0.714242794,0.136997543,0.125369949,CGACAAGGAA,D02,1,15.67,18.53
12,BD0030,0.871346375,0.11703107,0.011622555,0,ATGAGAGGAA,E02,1,17.58,21.24
13,BD0031,0.962732919,0.036536354,0.000730727,0,GGTTCAGGAA,F02,0,,
14,BD0032,0.815514593,0.139784946,0.044700461,0,ACCGTAGGAA,G02,0,,
15,BD0033,0.743589744,0.078540079,0.176946177,0.000924001,TCAACCGGAA,H02,0,,
16,BD0034,0.85732427,0.139090162,0.003585568,0,CTATTCGGAA,A03,0,,
17,BD0035,0.831584611,0.13236481,0.017487221,0.018563358,TTCTGTGGAA,B03,0,,
18,BD0036,0.900415369,0.097507788,0.001869159,0.000207684,GAACTTGGAA,C03,0,,
19,BD0037,0.006769589,0.739602548,0.119617268,0.134010595,TCTCAACGAA,D03,1,14.76,18.46
20,BD0038,0.341372022,0.481648732,0.154592621,0.022386626,AATGCACGAA,E03,1,25.53,28.17
21,BD0039,0.719968799,0.259230369,0.020800832,0,AGCCAGCGAA,F03,0,,
22,BD0040,0.813586378,0.141362185,0.042568287,0.00248315,CTTCGGCGAA,G03,0,,
23,BD0041,0.830908903,0.161456721,0.007428041,0.000206334,TAGGACCGAA,H03,0,,
24,BD0042,0.762849283,0.230490806,0.006370349,0.000289561,CCGAGTCGAA,A04,0,,
25,BD0043,0.894336433,0.100873485,0.004508312,0.00028177,ATGGTTCGAA,B04,0,,
26,BD0044,0.911273486,0.086899791,0.001826722,0,TGGTAGTGAA,C04,0,,
27,BD0045,0.02517131,0.693312902,0.147257326,0.134258462,TCCAGGTGAA,D04,1,20.21,22.41
28,BD0046,0.652804033,0.325351817,0.020163831,0.001680319,GCATGTTGAA,E04,1,31.88,34.25
29,BD0047,0.89888622,0.097837956,0.003057436,0.000218388,TCGAGAACAA,F04,0,,
30,BD0048,0.789935365,0.179362881,0.030701754,0,GACACAACAA,G04,0,,
31,BD0049,0.705687831,0.23787478,0.055004409,0.001432981,CAGAAGACAA,H04,0,,
32,BD0050,0.74380905,0.240377921,0.01322725,0.002585778,CCACGGACAA,A05,0,,
33,BD0051,0.934805468,0.064011567,0.001182965,0,GTTCCGACAA,B05,0,,
34,BD0052,0.774193548,0.221913237,0.003893215,0,TTGGTGACAA,C05,0,,
35,BD0053,0.667321178,0.193828892,0.133800842,0.005049088,ACAATGGCAA,D05,1,30.01,30.28
36,BD0054,0.014076542,0.730175085,0.107173846,0.148574527,CGCAGTGCAA,E05,1,15.07,20
37,BD0055,0.58751062,0.409260833,0.003143585,8.50E-05,CCATAACCAA,F05,0,,
38,BD0056,0.902624894,0.093262368,0.003991775,0.000120963,AGTCTACCAA,G05,0,,
39,BD0057,0.754290172,0.117784711,0.124804992,0.003120125,GAAGCGCCAA,H05,0,,
40,BD0058,0.686996144,0.294952681,0.01787592,0.000175254,TACCTTCCAA,A06,0,,
41,BD0059,0.933134724,0.051969547,0.014564714,0.000331016,TCCGCATCAA,B06,0,,
42,BD0060,0.782204021,0.11839166,0.099032018,0.000372301,AGTACGTCAA,C06,0,,
43,BD0061,0.265275862,0.533206897,0.145965517,0.055551724,ACATCCTCAA,D06,1,23.63,26.56
44,BD0062,0.269004689,0.5095106,0.168780133,0.052704577,GGAGATTCAA,E06,1,23.46,25.89
45,BD0063,0.73052048,0.268863566,0.000615953,0,GGTGAGATAA,F06,0,,
46,BD0064,0.764125901,0.20060675,0.029958286,0.005309063,GCAACGATAA,G06,0,,
47,BD0065,0.724390244,0.253095685,0.020450281,0.00206379,CTAGGCATAA,H06,0,,
48,BD0066,0.898750539,0.057302887,0.032313658,0.011632917,TGGCGTATAA,A07,0,,
49,BD0067,0.245419355,0.736258065,0.012129032,0.006193548,CCAGAGGTAA,B07,0,,
50,BD0068,0.605125039,0.393331275,0.001543686,0,AAGGTGGTAA,C07,0,,
51,BD0069,0.98360167,0.014609422,0.001689525,9.94E-05,GGCTAACTAA,D07,1,33.46,36.78
52,BD0070,0.019719234,0.723983437,0.113272854,0.143024475,ATCGGACTAA,E07,1,16.51,20.08
53,BD0071,0.760683761,0.233781701,0.004483677,0.001050862,CAACTCCTAA,F07,0,,
54,BD0072,0.827737902,0.166936791,0.004167631,0.001157675,CGTCTGTTAA,G07,0,,
55,BD0073,0.6,0.145475113,0.253393665,0.001131222,GAGTATGCGA,H07,0,,
56,BD0074,0.932445599,0.053588828,0.013640792,0.000324781,TTCACGCCGA,A08,0,,
57,BD0075,0.653823701,0.339365635,0.006421483,0.000389181,AATTCCGTGA,B08,0,,
58,BD0076,0.5,0.216617211,0.283382789,0,GCGATTGACA,C08,0,,
59,BD0077,0.036570657,0.714257426,0.14649865,0.102673267,TGCTTGCACA,D08,1,17.02,20.02
60,BD0078,0.022989003,0.730030739,0.12528141,0.121698848,TATGTAGGCA,E08,1,18.02,21.57
61,BD0079,0.57889991,0.085888188,0.334761046,0.000450857,GTTATACGCA,F08,0,,
62,BD0080,0.950301364,0.046737866,0.002855028,0.000105742,GTCTCATGCA,G08,0,,
63,BD0081,0.90647139,0.090395095,0.002588556,0.000544959,AAGACCATCA,H08,0,,
64,BD0082,0.915694213,0.077161229,0.007144558,0,GGCCTAGTCA,A09,0,,
65,BD0083,0.697311475,0.299540984,0.002885246,0.000262295,CTTGTGCTCA,B09,0,,
66,BD0084,0.365081129,0.574905535,0.059791065,0.000222272,AACAGGTTCA,C09,0,,
67,BD0085,0.766419583,0.191691088,0.038269264,0.003620066,TTGGAAGGTA,D09,1,29.96,32.23
68,BD0086,0.034619625,0.749537783,0.100873548,0.114969044,TCGTATCGTA,E09,1,20.21,23.53
69,BD0087,0.744818976,0.224469413,0.030212235,0.000499376,ACGCATACTA,F09,0,,
70,BD0088,0.935885167,0.056937799,0.006858054,0.000318979,GTCCTGGCTA,G09,0,,
71,BD0089,0.867776176,0.118988337,0.010483554,0.002751933,GTACCACCTA,H09,0,,
72,BD0090,0.909174312,0.074923547,0.014984709,0.000917431,GAACAGTCTA,A10,0,,
73,BD0091,0.951763485,0.027489627,0.018672199,0.002074689,GGCACCATTA,B10,0,,
74,BD0092,0.940323668,0.040121376,0.012474713,0.007080243,CCGGTTATTA,C10,0,,
75,BD0093,0.01498148,0.668274319,0.172931916,0.143812285,CATCCACTTA,D10,1,14.36,17.58
76,BD0094,0.055570281,0.748164029,0.120799875,0.075465814,AGGAAGCTTA,E10,1,21.09,24.53
77,BD0095,0.896845499,0.071148975,0.030393737,0.001611789,AGTTGCCTTA,F10,0,,
78,BD0096,0.953196347,0.027625571,0.01803653,0.001141553,GTGCTATTAG,G10,0,,
79,BD0097,0.83030303,0.058536585,0.109238729,0.001921656,GACATTGAGG,H10,0,,
80,BD0098,0.910429142,0.066367265,0.003992016,0.019211577,TTAGCTTAGG,A11,0,,
81,BD0099,0.936017897,0.046979866,0.016107383,0.000894855,TTCCTAACGG,B11,0,,
82,BD0100,0.273872761,0.701791229,0.023965411,0.000370599,ATACCGACGG,C11,0,,
83,BD0101,0.006485271,0.713415656,0.158195132,0.121903941,TGTAAGGCGG,D11,1,14.93,18.49
84,BD0102,0.09063747,0.721269727,0.113547494,0.074545309,ATTATGCCGG,E11,1,22.01,25.54
85,BD0103,0.825592725,0.170509906,0.003897369,0,TCTTCTCCGG,F11,0,,
86,BD0104,0.69400718,0.289698978,0.015465341,0.0008285,TAAGAATCGG,G11,0,,
87,BD0105,0.521162034,0.025544703,0.450288004,0.003005259,GTTCGTTCGG,H11,0,,
88,BD0106,0.784936949,0.206080497,0.007255139,0.001727414,CTGTCGATGG,A12,0,,
89,BD0107,0.957847534,0.039910314,0.002242152,0,GCGCTTATGG,B12,0,,
90,BD0108,0.803811659,0.192202292,0.002989537,0.000996512,CATATAGTGG,C12,0,,
91,BD0109,0.860313734,0.083235514,0.055703767,0.000746985,GTAGTGGTGG,D12,1,29.91,3165
92,BD0110,0.797747591,0.167537443,0.030651341,0.004063625,AAGTTACTGG,E12,1,28.96,31.69
93,BD0111,0.892340426,0.105744681,0.001702128,0.000212766,GTTAATCTGG,F12,0,,
94,BD0112,0.962129308,0.020571734,0.015629174,0.001669784,CATCGTCTGG,G12,0,,
95,BD0113,0.915186773,0.082363748,0.000918555,0.001530925,TCAGTTCGCG,H12,0,,
0,BD0018,0.020343766,0.632746498,0.22907426,0.117835476,CTCACCTCTA,A01,1,18.49,20.01
1,BD0019,0.456508163,0.377732179,0.143723793,0.022035864,GATCGCGTAA,B01,1,26.84,28.84
2,BD0020,0.077289921,0.699666246,0.115130164,0.107913669,AGAGCCAGTA,C01,1,20.33,23.42
3,BD0021,0.733597659,0.261304635,0.004531294,0.000566412,GGAAGAAGAA,D01,0,,
4,BD0022,0.877354071,0.11730535,0.00365408,0.001686499,CCTTGAAGAA,E01,0,,
5,BD0023,0.941624365,0.056154822,0.002220812,0,TTGCCAAGAA,F01,0,,
6,BD0024,0.839698331,0.110077022,0.049903723,0.000320924,AAGCGGAGAA,G01,0,,
7,BD0025,0.7548862,0.237160504,0.007445638,0.000507657,CGTAACAGAA,H01,0,,
8,BD0026,0.950366151,0.04170057,0.007323027,0.000610252,TGACTCAGAA,A02,1,34.54,35.06
9,BD0027,0.052509841,0.638477458,0.144807856,0.164204845,GCCAATAGAA,B02,1,21.78,23.74
10,BD0028,0.035440244,0.707096365,0.11663227,0.140831122,CGGTCTAGAA,C02,1,14.8,17.48
11,BD0029,0.81255687,0.179658275,0.007380447,0.000404408,CGACAAGGAA,D02,0,,
12,BD0030,0.848329049,0.137246501,0.01442445,0,ATGAGAGGAA,E02,0,,
13,BD0031,0.972297501,0.025293586,0.002408913,0,GGTTCAGGAA,F02,0,,
14,BD0032,0.718685385,0.218195669,0.063118947,0,ACCGTAGGAA,G02,0,,
15,BD0033,0.75730702,0.070197352,0.169747689,0.002747939,TCAACCGGAA,H02,0,,
16,BD0034,0.953032009,0.01680875,0.029435419,0.000723822,CTATTCGGAA,A03,1,32.75,35.09
17,BD0035,0.173311635,0.611879577,0.161106591,0.053702197,TTCTGTGGAA,B03,1,20.88,22.97
18,BD0036,0.186445249,0.548663019,0.189450566,0.075441165,GAACTTGGAA,C03,1,25.14,26.65
19,BD0037,0.911677282,0.081104034,0.005944798,0.001273885,TCTCAACGAA,D03,0,,
20,BD0038,0.795856185,0.154783668,0.049360146,0,AATGCACGAA,E03,0,,
21,BD0039,0.736688122,0.165593915,0.097717964,0,AGCCAGCGAA,F03,0,,
22,BD0040,0.75462963,0.040740741,0.20462963,0,CTTCGGCGAA,G03,0,,
23,BD0041,0.383211679,0.076642336,0.53649635,0.003649635,TAGGACCGAA,H03,0,,
24,BD0042,0.032548813,0.70585217,0.141409436,0.120189581,CCGAGTCGAA,A04,1,18.12,21.1
26,BD0044,0.267501004,0.493642083,0.168785972,0.070070941,TGGTAGTGAA,C04,1,23.88,26.47
27,BD0045,0.791483303,0.200491846,0.006859953,0.001164898,TCCAGGTGAA,D04,0,,
28,BD0046,0.768407395,0.218618229,0.012974376,0,GCATGTTGAA,E04,0,,
29,BD0047,0.910907859,0.076219512,0.012872629,0,TCGAGAACAA,F04,0,,
30,BD0048,0.539202201,0.169188446,0.291609354,0,GACACAACAA,G04,0,,
31,BD0049,0.850442834,0.137681159,0.011876006,0,CAGAAGACAA,H04,0,,
32,BD0050,0.029651909,0.672030168,0.089669485,0.208648439,CCACGGACAA,A05,1,14.83,18.21
33,BD0051,0.748783878,0.197475098,0.025828121,0.027912902,GTTCCGACAA,B05,1,25.05,28.58
34,BD0052,0.017923707,0.711233489,0.094242334,0.17660047,TTGGTGACAA,C05,1,14.09,18.86
35,BD0053,0.889110784,0.092179945,0.018393946,0.000315325,ACAATGGCAA,D05,0,,
36,BD0054,0.845182347,0.12899106,0.025684689,0.000141904,CGCAGTGCAA,E05,0,,
37,BD0055,0.877938034,0.12037037,0.001424501,0.000267094,CCATAACCAA,F05,0,,
38,BD0056,0.966833301,0.031916939,0.001153624,9.61E-05,AGTCTACCAA,G05,0,,
39,BD0057,0.918811881,0.044059406,0.036633663,0.00049505,GAAGCGCCAA,H05,0,,
40,BD0058,0.818022364,0.099210699,0.076737558,0.00602938,TACCTTCCAA,A06,1,29.76,32.41
41,BD0059,0.073951093,0.64403298,0.150547317,0.13146861,TCCGCATCAA,B06,1,21.33,24.03
42,BD0060,0.893129771,0.036521479,0.067355186,0.002993564,AGTACGTCAA,C06,1,30.4,33.57
43,BD0061,0.576895232,0.418450719,0.004447202,0.000206847,ACATCCTCAA,D06,0,,
44,BD0062,0.855172414,0.08045977,0.064367816,0,GGAGATTCAA,E06,0,,
45,BD0063,0.872203996,0.12526096,0.002385923,0.00014912,GGTGAGATAA,F06,0,,
46,BD0064,0.83446712,0.141043084,0.023129252,0.001360544,GCAACGATAA,G06,0,,
47,BD0065,0.690487459,0.265026029,0.044013251,0.000473261,CTAGGCATAA,H06,0,,
48,BD0066,0.022463175,0.609781381,0.177424872,0.190330573,TGGCGTATAA,A07,1,13.09,16.52
49,BD0067,0.157885494,0.667017914,0.132068844,0.043027749,CCAGAGGTAA,B07,1,28.26,31.01
50,BD0068,0.801832537,0.174188517,0.018715274,0.005263671,AAGGTGGTAA,C07,1,29.28,32.7
51,BD0069,0.980706962,0.019293038,0,0,GGCTAACTAA,D07,0,,
52,BD0070,0.926408237,0.072279427,0.001211387,0.000100949,ATCGGACTAA,E07,0,,
53,BD0071,0.910146033,0.085276809,0.004577158,0,CAACTCCTAA,F07,0,,
54,BD0072,0.923169428,0.07202031,0.002271513,0.002538749,CGTCTGTTAA,G07,0,,
55,BD0073,0.435920992,0.17179605,0.392282958,0,GAGTATGCGA,H07,0,,
56,BD0074,0.012232991,0.712654993,0.136003359,0.139108656,TTCACGCCGA,A08,1,17.06,20.21
57,BD0075,0.011107137,0.754736022,0.091437477,0.142719364,AATTCCGTGA,B08,1,18.57,22.28
58,BD0076,0.672393878,0.191452498,0.125324863,0.010828761,GCGATTGACA,C08,1,26.56,28.27
59,BD0077,0.865814696,0.102381644,0.031222771,0.000580889,TGCTTGCACA,D08,0,,
60,BD0078,0.816926617,0.107900793,0.035029404,0.040143186,TATGTAGGCA,E08,0,,
61,BD0079,0.495652174,0.06979405,0.434553776,0,GTTATACGCA,F08,0,,
62,BD0080,0.951256664,0.038842346,0.009710586,0.000190404,GTCTCATGCA,G08,0,,
63,BD0081,0.975496441,0.021955789,0.002472836,7.49E-05,AAGACCATCA,H08,0,,
64,BD0082,0.684500393,0.296616837,0.016522423,0.002360346,GGCCTAGTCA,A09,1,36.67,38.6
65,BD0083,0.065697568,0.591076979,0.216328396,0.126897056,CTTGTGCTCA,B09,1,21.78,23.74
66,BD0084,0.095980854,0.675907474,0.138928724,0.089182947,AACAGGTTCA,C09,1,19.85,22.2
67,BD0085,0.700084602,0.26607445,0.033840948,0,TTGGAAGGTA,D09,0,,
68,BD0086,0.823060797,0.055345912,0.121383648,0.000209644,TCGTATCGTA,E09,0,,
69,BD0087,0.956332437,0.036880522,0.006658983,0.000128057,ACGCATACTA,F09,0,,
70,BD0088,0.913135147,0.050600886,0.036263968,0,GTCCTGGCTA,G09,0,,
71,BD0089,0.705040092,0.042382589,0.25257732,0,GTACCACCTA,H09,0,,
72,BD0090,0.084697379,0.581908551,0.175377327,0.158016743,GAACAGTCTA,A10,1,21.45,23.65
73,BD0091,0.048788289,0.676573584,0.10052897,0.174109157,GGCACCATTA,B10,1,16.23,20.91
74,BD0092,0.142454208,0.491571542,0.274372843,0.091601407,CCGGTTATTA,C10,1,20.98,22.03
75,BD0093,0.334733894,0.542016807,0.114845938,0.008403361,CATCCACTTA,D10,0,,
76,BD0094,0.94035443,0.047898734,0.01164557,0.000101266,AGGAAGCTTA,E10,0,,
77,BD0095,0.840328862,0.019904803,0.138900909,0.000865426,AGTTGCCTTA,F10,0,,
78,BD0096,0.944549943,0.028864413,0.026585644,0,GTGCTATTAG,G10,0,,
79,BD0097,0.465896788,0.014074341,0.52002887,0,GACATTGAGG,H10,0,,
80,BD0098,0.763443709,0.140397351,0.073112583,0.023046358,TTAGCTTAGG,A11,1,29.06,31.42
81,BD0099,0.026247852,0.617194424,0.145912163,0.210645562,TTCCTAACGG,B11,1,17.05,19.67
82,BD0100,0.029791032,0.60692473,0.195065386,0.168218852,ATACCGACGG,C11,1,13.7,14.66
83,BD0101,0.891262448,0.102634115,0.004176036,0.001927401,TGTAAGGCGG,D11,0,,
84,BD0102,0.704182097,0.201156174,0.094119772,0.000541956,ATTATGCCGG,E11,0,,
85,BD0103,0.825124443,0.168587896,0.006156668,0.000130993,TCTTCTCCGG,F11,0,,
86,BD0104,0.684614013,0.2656445,0.049563202,0.000178285,TAAGAATCGG,G11,0,,
87,BD0105,0.861515124,0.008655305,0.129383421,0.00044615,GTTCGTTCGG,H11,0,,
88,BD0106,0.044021777,0.653369395,0.144940066,0.157668762,CTGTCGATGG,A12,1,17.26,20.28
89,BD0107,0.041315296,0.685276982,0.130305125,0.143102597,GCGCTTATGG,B12,1,20.36,21.46
90,BD0108,0.884825328,0.103802766,0.010189229,0.001182678,CATATAGTGG,C12,0,,
91,BD0109,0.867366156,0.092009685,0.040355125,0.000269034,GTAGTGGTGG,D12,0,,
92,BD0110,0.94398731,0.055120452,0.000594825,0.000297413,AAGTTACTGG,E12,0,,
93,BD0111,0.909814324,0.053050398,0.036472149,0.00066313,GTTAATCTGG,F12,0,,
94,BD0112,0.943939992,0.042341098,0.01371891,0,CATCGTCTGG,G12,0,,
95,BD0113,0.928571429,0.067915691,0.003512881,0,TCAGTTCGCG,H12,0,,
0,BD0018,0.438828894,0.559491241,0.001055916,0.00062395,CTCACCTCTA,A01,0,,
1,BD0019,0.85634959,0.136528247,0.007122163,0,GATCGCGTAA,B01,0,,
2,BD0020,0.66559172,0.328633568,0.005549723,0.000224989,AGAGCCAGTA,C01,0,,
3,BD0021,0.76684551,0.231024144,0.002130346,0,GGAAGAAGAA,D01,0,,
4,BD0022,0.923922167,0.074246471,0.001755055,7.63E-05,CCTTGAAGAA,E01,0,,
5,BD0023,0.899410121,0.099658491,0.000931388,0,TTGCCAAGAA,F01,0,,
6,BD0024,0.734015345,0.242647059,0.023337596,0,AAGCGGAGAA,G01,0,,
7,BD0025,0.749166935,0.247984521,0.002633559,0.000214984,CGTAACAGAA,H01,0,,
8,BD0026,0.854776813,0.135528176,0.009695011,0,TGACTCAGAA,A02,0,,
9,BD0027,0.941321152,0.05639494,0.002108222,0.000175685,GCCAATAGAA,B02,0,,
10,BD0028,0.943171883,0.055953838,0.000524567,0.000349711,CGGTCTAGAA,C02,0,,
11,BD0029,0.406892902,0.589601111,0.001256863,0.002249124,CGACAAGGAA,D02,0,,
12,BD0030,0.739940777,0.250304825,0.009580213,0.000174186,ATGAGAGGAA,E02,0,,
13,BD0031,0.956090226,0.042105263,0.001804511,0,GGTTCAGGAA,F02,0,,
14,BD0032,0.727536232,0.20942029,0.062608696,0.000434783,ACCGTAGGAA,G02,0,,
15,BD0033,0.613381123,0.11660693,0.269056153,0.000955795,TCAACCGGAA,H02,0,,
16,BD0034,0.925368503,0.021877424,0.052288596,0.000465477,CTATTCGGAA,A03,0,,
17,BD0035,0.927508091,0.06407767,0.008414239,0,TTCTGTGGAA,B03,0,,
18,BD0036,0.89614195,0.09962559,0.003906886,0.000325574,GAACTTGGAA,C03,0,,
19,BD0037,0.879795918,0.11877551,0.001020408,0.000408163,TCTCAACGAA,D03,0,,
20,BD0038,0.600277264,0.335027726,0.064232902,0.000462107,AATGCACGAA,E03,0,,
21,BD0039,0.862479062,0.130988275,0.006197655,0.000335008,AGCCAGCGAA,F03,0,,
22,BD0040,0.880925333,0.108334194,0.01012083,0.000619643,CTTCGGCGAA,G03,0,,
23,BD0041,0.842903226,0.140645161,0.016129032,0.000322581,TAGGACCGAA,H03,0,,
24,BD0042,0.05007769,0.561909167,0.272426431,0.115586711,CCGAGTCGAA,A04,1,19.07,18.91
25,BD0043,0.021334011,0.655268295,0.17419085,0.149206844,ATGGTTCGAA,B04,1,14.68,15.99
26,BD0044,0.453463203,0.248015873,0.220238095,0.078282828,TGGTAGTGAA,C04,1,27.49,28.05
27,BD0045,0.048129878,0.689005642,0.124641011,0.138223469,TCCAGGTGAA,D04,1,20.99,22.74
28,BD0046,0.114846483,0.691022153,0.100660707,0.093470657,GCATGTTGAA,E04,1,24.48,27.65
29,BD0047,0.040293805,0.71657683,0.107785454,0.135343911,TCGAGAACAA,F04,1,20.09,23.19
30,BD0048,0.02432992,0.582809666,0.186935493,0.205924922,GACACAACAA,G04,1,14.5,16.3
31,BD0049,0.027020163,0.67868744,0.194438867,0.09985353,CAGAAGACAA,H04,1,19.17,19.55
32,BD0050,0.028444631,0.662207449,0.068851531,0.240496388,CCACGGACAA,A05,1,15.06,18.19
33,BD0051,0.010275684,0.745611798,0.078018705,0.166093812,GTTCCGACAA,B05,1,11.23,15.52
34,BD0052,0.098026495,0.696770008,0.072043158,0.133160339,TTGGTGACAA,C05,1,21.3,24.54
35,BD0053,0.078796241,0.668624191,0.120552824,0.132026745,ACAATGGCAA,D05,1,22.33,24.58
36,BD0054,0.076040483,0.682686583,0.119689344,0.12158359,CGCAGTGCAA,E05,1,24.54,27.92
37,BD0055,0.445694416,0.400695439,0.101145429,0.052464717,CCATAACCAA,F05,1,26.58,28.62
38,BD0056,0.61267853,0.288632639,0.054905174,0.043783657,AGTCTACCAA,G05,1,27.26,30.38
39,BD0057,0.0157456,0.587951528,0.137542451,0.25876042,GAAGCGCCAA,H05,1,23.39,25.29
40,BD0058,0.151423927,0.39906075,0.315732434,0.133782889,TACCTTCCAA,A06,1,27.52,28.17
41,BD0059,0.202956859,0.505525933,0.160833737,0.130683471,TCCGCATCAA,B06,1,24.1,25.88
42,BD0060,0.24552136,0.349276527,0.310174552,0.095027561,AGTACGTCAA,C06,1,26.45,27.57
43,BD0061,0.01527911,0.716548209,0.097054534,0.171118147,ACATCCTCAA,D06,1,17.8,21.47
44,BD0062,0.797561667,0.090728665,0.106322654,0.005387014,GGAGATTCAA,E06,1,27.95,28.92
45,BD0063,0.569387577,0.307518076,0.10340622,0.019688126,GGTGAGATAA,F06,1,26.69,29.06
46,BD0064,0.885895884,0.090799031,0.018159806,0.005145278,GCAACGATAA,G06,1,32,34.67
47,BD0065,0.106685479,0.51050937,0.311844295,0.070960857,CTAGGCATAA,H06,1,24.59,25.21
48,BD0066,0.846743295,0.043678161,0.104980843,0.004597701,TGGCGTATAA,A07,1,34.42,33.07
49,BD0067,0.784970858,0.1867194,0.027477102,0.000832639,CCAGAGGTAA,B07,0,,
50,BD0068,0.857441426,0.140798592,0.001759982,0,AAGGTGGTAA,C07,0,,
51,BD0069,0.921758995,0.057681325,0.02055968,0,GGCTAACTAA,D07,0,,
52,BD0070,0.855726019,0.13404618,0.010227801,0,ATCGGACTAA,E07,0,,
53,BD0071,0.828626185,0.162295743,0.008876336,0.000201735,CAACTCCTAA,F07,0,,
54,BD0072,0.950637523,0.03715847,0.011839709,0.000364299,CGTCTGTTAA,G07,0,,
55,BD0073,0.691838291,0.172768879,0.134248665,0.001144165,GAGTATGCGA,H07,0,,
56,BD0074,0.961775044,0.028558875,0.009226714,0.000439367,TTCACGCCGA,A08,0,,
57,BD0075,0.932431344,0.067004913,0.000563743,0,AATTCCGTGA,B08,0,,
58,BD0076,0.863970588,0.069852941,0.064338235,0.001838235,GCGATTGACA,C08,0,,
59,BD0077,0.88246587,0.088523891,0.028156997,0.000853242,TGCTTGCACA,D08,0,,
60,BD0078,0.893290218,0.099272433,0.003556993,0.003880356,TATGTAGGCA,E08,0,,
61,BD0079,0.664684015,0.089962825,0.244857497,0.000495663,GTTATACGCA,F08,0,,
62,BD0080,0.949387877,0.044640191,0.005971932,0,GTCTCATGCA,G08,0,,
63,BD0081,0.979337371,0.020163876,0.000498753,0,AAGACCATCA,H08,0,,
64,BD0082,0.882951147,0.113060818,0.003988036,0,GGCCTAGTCA,A09,0,,
65,BD0083,0.896521587,0.101643069,0.001835343,0,CTTGTGCTCA,B09,0,,
66,BD0084,0.712826489,0.281963392,0.004935902,0.000274217,AACAGGTTCA,C09,0,,
67,BD0085,0.778768956,0.20249777,0.018733274,0,TTGGAAGGTA,D09,0,,
68,BD0086,0.769932195,0.085807809,0.144259995,0,TCGTATCGTA,E09,0,,
69,BD0087,0.92520117,0.062179956,0.012618873,0,ACGCATACTA,F09,0,,
70,BD0088,0.912955091,0.067085566,0.019959342,0,GTCCTGGCTA,G09,0,,
71,BD0089,0.757686454,0.210958904,0.024961948,0.006392694,GTACCACCTA,H09,0,,
72,BD0090,0.870341615,0.096661491,0.031444099,0.001552795,GAACAGTCTA,A10,0,,
73,BD0091,0.97820401,0.020675053,0.000996388,0.000124549,GGCACCATTA,B10,0,,
74,BD0092,0.983101392,0.01115529,0.003534349,0.002208968,CCGGTTATTA,C10,0,,
75,BD0093,0.900835073,0.084551148,0.013917884,0.000695894,CATCCACTTA,D10,0,,
76,BD0094,0.940258798,0.050066513,0.009553755,0.000120934,AGGAAGCTTA,E10,0,,
77,BD0095,0.97078025,0.027698549,0.001331052,0.00019015,AGTTGCCTTA,F10,0,,
78,BD0096,0.953162651,0.035843373,0.010993976,0,GTGCTATTAG,G10,0,,
79,BD0097,0.779676614,0.059287498,0.161035888,0,GACATTGAGG,H10,0,,
80,BD0098,0.974518888,0.024411974,0.000712758,0.000356379,TTAGCTTAGG,A11,0,,
81,BD0099,0.977801788,0.017876436,0.003928887,0.000392889,TTCCTAACGG,B11,0,,
82,BD0100,0.689306631,0.234838466,0.075665974,0.000188929,ATACCGACGG,C11,0,,
83,BD0101,0.640937285,0.312887664,0.039283253,0.006891799,TGTAAGGCGG,D11,0,,
84,BD0102,0.69514621,0.242192162,0.062661627,0,ATTATGCCGG,E11,0,,
85,BD0103,0.545524691,0.445216049,0.009259259,0,TCTTCTCCGG,F11,0,,
86,BD0104,0.85712371,0.130009382,0.012866908,0,TAAGAATCGG,G11,0,,
87,BD0105,0.815997065,0.013392038,0.170610897,0,GTTCGTTCGG,H11,0,,
88,BD0106,0.851544647,0.146254761,0.002031316,0.000169276,CTGTCGATGG,A12,0,,
89,BD0107,0.973150963,0.01621074,0.010131712,0.000506586,GCGCTTATGG,B12,0,,
90,BD0108,0.873025641,0.105435897,0.021025641,0.000512821,CATATAGTGG,C12,0,,
91,BD0109,0.926795999,0.065474386,0.007578054,0.000151561,GTAGTGGTGG,D12,0,,
92,BD0110,0.935771263,0.063814358,0.000207189,0.000207189,AAGTTACTGG,E12,0,,
93,BD0111,0.958447858,0.036216653,0.005335489,0,GTTAATCTGG,F12,0,,
94,BD0112,0.873803911,0.124947996,0.000970739,0.000277354,CATCGTCTGG,G12,0,,
95,BD0113,0.829339143,0.162914549,0.007504236,0.000242072,TCAGTTCGCG,H12,0,,
0,BD0018,0.662276662,0.315435624,0.022287714,0,CTCACCTCTA,A01,0,,
1,BD0019,0.859200443,0.139414643,0.001384914,0,GATCGCGTAA,B01,0,,
2,BD0020,0.840723583,0.15199647,0.007206412,7.35E-05,AGAGCCAGTA,C01,0,,
3,BD0021,0.709349393,0.283048672,0.005726133,0.001875802,GGAAGAAGAA,D01,0,,
4,BD0022,0.871234007,0.108646306,0.020016508,0.000103178,CCTTGAAGAA,E01,0,,
5,BD0023,0.968869251,0.029323157,0.001807592,0,TTGCCAAGAA,F01,0,,
6,BD0024,0.861391129,0.128150202,0.010458669,0,AAGCGGAGAA,G01,0,,
7,BD0025,0.819700006,0.166089755,0.012995688,0.00121455,CGTAACAGAA,H01,0,,
8,BD0026,0.93524971,0.06155633,0.00174216,0.0014518,TGACTCAGAA,A02,0,,
9,BD0027,0.971127717,0.026268116,0.002490942,0.000113225,GCCAATAGAA,B02,0,,
10,BD0028,0.860573716,0.120413609,0.017011341,0.002001334,CGGTCTAGAA,C02,0,,
11,BD0029,0.830791672,0.162047474,0.007160854,0,CGACAAGGAA,D02,0,,
12,BD0030,0.797349002,0.195408582,0.007105767,0.000136649,ATGAGAGGAA,E02,0,,
13,BD0031,0.981958763,0.017697595,0.000343643,0,GGTTCAGGAA,F02,0,,
14,BD0032,0.815575767,0.13139516,0.053029073,0,ACCGTAGGAA,G02,0,,
15,BD0033,0.801023062,0.046471302,0.152245535,0.000260101,TCAACCGGAA,H02,0,,
16,BD0034,0.975063224,0.01511498,0.009821796,0,CTATTCGGAA,A03,0,,
17,BD0035,0.929262844,0.053611318,0.014892033,0.002233805,TTCTGTGGAA,B03,0,,
18,BD0036,0.898297687,0.098646879,0.003055434,0,GAACTTGGAA,C03,0,,
19,BD0037,0.883106695,0.113232218,0.003661088,0,TCTCAACGAA,D03,0,,
20,BD0038,0.927662501,0.066032328,0.00630517,0,AATGCACGAA,E03,0,,
21,BD0039,0.815682281,0.158452138,0.025661914,0.000203666,AGCCAGCGAA,F03,0,,
22,BD0040,0.911015235,0.078266145,0.010718619,0,CTTCGGCGAA,G03,0,,
23,BD0041,0.875733217,0.118835542,0.005213991,0.00021725,TAGGACCGAA,H03,0,,
24,BD0042,0.878158845,0.114019254,0.007420778,0.000401123,CCGAGTCGAA,A04,0,,
25,BD0043,0.724520686,0.272115708,0.003027245,0.000336361,ATGGTTCGAA,B04,0,,
26,BD0044,0.947118024,0.05105215,0.001097896,0.00073193,TGGTAGTGAA,C04,0,,
27,BD0045,0.73997545,0.255932897,0.004091653,0,TCCAGGTGAA,D04,0,,
28,BD0046,0.756468581,0.231589423,0.011941996,0,GCATGTTGAA,E04,0,,
29,BD0047,0.865491651,0.114718615,0.019480519,0.000309215,TCGAGAACAA,F04,0,,
30,BD0048,0.91170674,0.069504664,0.018525818,0.000262778,GACACAACAA,G04,0,,
31,BD0049,0.717546627,0.256564907,0.025517305,0.000371161,CAGAAGACAA,H04,0,,
32,BD0050,0.931799022,0.063648626,0.00387793,0.000674423,CCACGGACAA,A05,0,,
33,BD0051,0.887359199,0.110638298,0.002002503,0,GTTCCGACAA,B05,0,,
34,BD0052,0.890078102,0.108186289,0.001735609,0,TTGGTGACAA,C05,0,,
35,BD0053,0.840505226,0.148606272,0.010627178,0.000261324,ACAATGGCAA,D05,0,,
36,BD0054,0.808790422,0.188446582,0.00271183,5.12E-05,CGCAGTGCAA,E05,0,,
37,BD0055,0.878229628,0.120700199,0.001070173,0,CCATAACCAA,F05,0,,
38,BD0056,0.967451053,0.031066642,0.001420542,6.18E-05,AGTCTACCAA,G05,0,,
39,BD0057,0.957341985,0.030761836,0.011896179,0,GAAGCGCCAA,H05,0,,
40,BD0058,0.923516153,0.072727273,0.003756574,0,TACCTTCCAA,A06,0,,
41,BD0059,0.769685039,0.168307087,0.062007874,0,TCCGCATCAA,B06,0,,
42,BD0060,0.926867687,0.065031503,0.00810081,0,AGTACGTCAA,C06,0,,
43,BD0061,0.576150943,0.412528302,0.011320755,0,ACATCCTCAA,D06,0,,
44,BD0062,0.953814823,0.035348025,0.010837152,0,GGAGATTCAA,E06,0,,
45,BD0063,0.870694369,0.128075451,0.00123018,0,GGTGAGATAA,F06,0,,
46,BD0064,0.940582192,0.045547945,0.013527397,0.000342466,GCAACGATAA,G06,0,,
47,BD0065,0.756265247,0.216677756,0.026391661,0.000665336,CTAGGCATAA,H06,0,,
48,BD0066,0.010092793,0.619996067,0.178720209,0.191190932,TGGCGTATAA,A07,1,14.93,17.92
49,BD0067,0.026261105,0.665293418,0.154817107,0.15362837,CCAGAGGTAA,B07,1,13.1,14.9
50,BD0068,0.40937651,0.473658772,0.079334392,0.037630325,AAGGTGGTAA,C07,1,26.73,30.03
51,BD0069,0.05715543,0.709123384,0.101523368,0.132197818,GGCTAACTAA,D07,1,19.85,23.68
52,BD0070,0.105547325,0.652290809,0.089141289,0.153020576,ATCGGACTAA,E07,1,21.6,24.73
53,BD0071,0.118492721,0.585004338,0.227839102,0.068663839,CAACTCCTAA,F07,1,22.07,24.08
54,BD0072,0.038415778,0.562730223,0.261076898,0.137777101,CGTCTGTTAA,G07,1,18.27,18.58
55,BD0073,0.25229908,0.516726643,0.173663868,0.057310409,GAGTATGCGA,H07,1,26.23,30.1
56,BD0074,0.062316574,0.625354823,0.143252345,0.169076257,TTCACGCCGA,A08,1,19.38,21.8
57,BD0075,0.881245944,0.097988319,0.018559377,0.00220636,AATTCCGTGA,B08,1,34.69,34.25
58,BD0076,0.133553758,0.636948692,0.112239476,0.117258074,GCGATTGACA,C08,1,23.67,26.5
59,BD0077,0.943174626,0.052254026,0.004360363,0.000210985,TGCTTGCACA,D08,1,32.45,31.18
60,BD0078,0.757029281,0.178786116,0.035679659,0.028504945,TATGTAGGCA,E08,1,31.66,31.38
61,BD0079,0.103718676,0.562442685,0.263151985,0.070686654,GTTATACGCA,F08,1,30.04,31.71
62,BD0080,0.075910096,0.581251306,0.232878973,0.109959625,GTCTCATGCA,G08,1,18.84,19.81
63,BD0081,0.055737336,0.560259513,0.223214645,0.160788507,AAGACCATCA,H08,1,16.76,18.54
64,BD0082,0.166151574,0.430977645,0.271522269,0.131348511,GGCCTAGTCA,A09,1,21.98,22.8
65,BD0083,0.077310945,0.62026354,0.18138576,0.121039755,CTTGTGCTCA,B09,1,21.03,23.93
66,BD0084,0.172546359,0.601763908,0.110979195,0.114710538,AACAGGTTCA,C09,1,22.64,26.26
67,BD0085,0.797955662,0.153590867,0.04513474,0.003318731,TTGGAAGGTA,D09,1,29.94,33.16
68,BD0086,0.691336595,0.069749093,0.237809689,0.001104624,TCGTATCGTA,E09,1,36.8,36.47
69,BD0087,0.910531221,0.052190121,0.035973905,0.001304753,ACGCATACTA,F09,1,32.54,34.35
70,BD0088,0.086216393,0.682701639,0.119855738,0.11122623,GTCCTGGCTA,G09,1,21.96,25.05
71,BD0089,0.813298885,0.138700027,0.043989665,0.004011422,GTACCACCTA,H09,1,28.74,30.03
72,BD0090,0.547420049,0.081277213,0.345628347,0.025674391,GAACAGTCTA,A10,1,27.03,27.62
73,BD0091,0.984592445,0.01304672,0.001863817,0.000497018,GGCACCATTA,B10,0,,
74,BD0092,0.974323647,0.013527054,0.002254509,0.00989479,CCGGTTATTA,C10,0,,
75,BD0093,0.526525199,0.396551724,0.068965517,0.00795756,CATCCACTTA,D10,0,,
76,BD0094,0.967640847,0.022072348,0.010286804,0,AGGAAGCTTA,E10,0,,
77,BD0095,0.955171165,0.04138743,0.003441406,0,AGTTGCCTTA,F10,0,,
78,BD0096,0.949231262,0.033151826,0.017616912,0,GTGCTATTAG,G10,0,,
79,BD0097,0.607467753,0.047522064,0.344602851,0.000407332,GACATTGAGG,H10,0,,
80,BD0098,0.952843273,0.037844264,0.0031702,0.006142263,TTAGCTTAGG,A11,0,,
81,BD0099,0.967658696,0.026492345,0.005504903,0.000344056,TTCCTAACGG,B11,0,,
82,BD0100,0.520432193,0.429422358,0.050006926,0.000138523,ATACCGACGG,C11,0,,
83,BD0101,0.68631062,0.292203806,0.020257827,0.001227747,TGTAAGGCGG,D11,0,,
84,BD0102,0.763534536,0.199474521,0.036714375,0.000276568,ATTATGCCGG,E11,0,,
85,BD0103,0.91329577,0.085274577,0.001429653,0,TCTTCTCCGG,F11,0,,
86,BD0104,0.70251325,0.28329629,0.014019491,0.000170969,TAAGAATCGG,G11,0,,
87,BD0105,0.787521079,0.011523328,0.200955593,0,GTTCGTTCGG,H11,0,,
88,BD0106,0.809639203,0.183091007,0.006372285,0.000897505,CTGTCGATGG,A12,0,,
89,BD0107,0.949572265,0.039171544,0.010355696,0.000900495,GCGCTTATGG,B12,0,,
90,BD0108,0.809533552,0.129500818,0.058306056,0.002659574,CATATAGTGG,C12,0,,
91,BD0109,0.907751092,0.073326055,0.018740902,0.000181951,GTAGTGGTGG,D12,0,,
92,BD0110,0.90622598,0.086087625,0.007494235,0.00019216,AAGTTACTGG,E12,0,,
93,BD0111,0.947109471,0.031365314,0.021525215,0,GTTAATCTGG,F12,0,,
94,BD0112,0.917970858,0.081181096,0.000848046,0,CATCGTCTGG,G12,0,,
95,BD0113,0.923991727,0.074801792,0.001034126,0.000172354,TCAGTTCGCG,H12,0,,
0,BD0018,0.37082424,0.602400537,0.026103743,0.000671479,CTCACCTCTA,A01,0,,
1,BD0019,0.831320959,0.143269057,0.024689133,0.000720851,GATCGCGTAA,B01,0,,
2,BD0020,0.551935257,0.422660099,0.025404645,0,AGAGCCAGTA,C01,0,,
3,BD0021,0.686245717,0.306551989,0.006992518,0.000209776,GGAAGAAGAA,D01,0,,
4,BD0022,0.913886528,0.084307267,0.001753081,5.31E-05,CCTTGAAGAA,E01,1,33.03,34.55
5,BD0023,0.925515853,0.057372924,0.016607952,0.000503271,TTGCCAAGAA,F01,1,33.54,35.73
6,BD0024,0.753249273,0.135790495,0.105722599,0.005237633,AAGCGGAGAA,G01,0,,
7,BD0025,0.594075882,0.37541602,0.030508099,0,CGTAACAGAA,H01,0,,
8,BD0026,0.927542963,0.067347887,0.004412448,0.000696702,TGACTCAGAA,A02,0,,
9,BD0027,0.907419786,0.067513369,0.020387701,0.004679144,GCCAATAGAA,B02,0,,
10,BD0028,0.812680115,0.148414986,0.036023055,0.002881844,CGGTCTAGAA,C02,0,,
11,BD0029,0.876934505,0.121146465,0.0014857,0.000433329,CGACAAGGAA,D02,0,,
12,BD0030,0.712879834,0.259668508,0.027279006,0.000172652,ATGAGAGGAA,E02,1,36.21,37.35
13,BD0031,0.986901536,0.01279735,0.000301114,0,GGTTCAGGAA,F02,1,34.88,35.51
14,BD0032,0.808629267,0.152513296,0.038342769,0.000514668,ACCGTAGGAA,G02,0,,
15,BD0033,0.66108453,0.142743222,0.194976077,0.001196172,TCAACCGGAA,H02,0,,
16,BD0034,0.89083654,0.043750891,0.062134815,0.003277754,CTATTCGGAA,A03,0,,
17,BD0035,0.965107647,0.025241277,0.008661222,0.000989854,TTCTGTGGAA,B03,0,,
18,BD0036,0.903385468,0.080380123,0.015838448,0.000395961,GAACTTGGAA,C03,0,,
19,BD0037,0.871266735,0.120494336,0.00669413,0.001544799,TCTCAACGAA,D03,0,,
20,BD0038,0.949581112,0.044173648,0.006092917,0.000152323,AATGCACGAA,E03,1,32.56,34.37
21,BD0039,0.714819106,0.190807261,0.080726149,0.013647483,AGCCAGCGAA,F03,1,28.78,30.84
22,BD0040,0.911599451,0.073230116,0.015045574,0.00012486,CTTCGGCGAA,G03,0,,
23,BD0041,0.602996255,0.314606742,0.078651685,0.003745318,TAGGACCGAA,H03,0,,
24,BD0042,0.738659445,0.183141503,0.076167908,0.002031144,CCGAGTCGAA,A04,0,,
25,BD0043,0.928033686,0.071328314,0.000637999,0,ATGGTTCGAA,B04,0,,
26,BD0044,0.929194956,0.063530553,0.006789525,0.000484966,TGGTAGTGAA,C04,0,,
27,BD0045,0.732110425,0.260261533,0.007264802,0.00036324,TCCAGGTGAA,D04,0,,
28,BD0046,0.781842986,0.207615032,0.009177725,0.001364256,GCATGTTGAA,E04,1,31.07,32.46
29,BD0047,0.92800271,0.062171777,0.008639675,0.001185838,TCGAGAACAA,F04,1,31.65,33.87
30,BD0048,0.887464753,0.076903358,0.035631889,0,GACACAACAA,G04,0,,
31,BD0049,0.631044381,0.33429013,0.034665489,0,CAGAAGACAA,H04,0,,
32,BD0050,0.816243655,0.143147208,0.03715736,0.003451777,CCACGGACAA,A05,0,,
33,BD0051,0.966654842,0.032162705,0.001182452,0,GTTCCGACAA,B05,0,,
34,BD0052,0.766770671,0.224648986,0.008580343,0,TTGGTGACAA,C05,0,,
35,BD0053,0.826287385,0.151337981,0.022262199,0.000112435,ACAATGGCAA,D05,0,,
36,BD0054,0.68240792,0.292565947,0.015925721,0.009100412,CGCAGTGCAA,E05,1,29.02,32.33
37,BD0055,0.896469569,0.097682478,0.004187423,0.00166053,CCATAACCAA,F05,1,33.68,37.19
38,BD0056,0.934402495,0.061365408,0.004232097,0,AGTCTACCAA,G05,0,,
39,BD0057,0.948975925,0.026590011,0.024434064,0,GAAGCGCCAA,H05,0,,
40,BD0058,0.49173913,0.48076087,0.027282609,0.000217391,TACCTTCCAA,A06,0,,
41,BD0059,0.944076969,0.031870114,0.024052916,0,TCCGCATCAA,B06,0,,
42,BD0060,0.97084048,0.02425876,0.00490076,0,AGTACGTCAA,C06,0,,
43,BD0061,0.521345603,0.477900136,0.000678835,7.54E-05,ACATCCTCAA,D06,0,,
44,BD0062,0.876280835,0.105597723,0.018121442,0,GGAGATTCAA,E06,1,26.41,28.74
45,BD0063,0.849597274,0.142503098,0.006195787,0.001703841,GGTGAGATAA,F06,1,33.5,25.66
46,BD0064,0.916159351,0.080956958,0.002776888,0.000106803,GCAACGATAA,G06,0,,
47,BD0065,0.420467612,0.484093522,0.093139134,0.002299732,CTAGGCATAA,H06,0,,
48,BD0066,0.90840057,0.041765543,0.04888467,0.000949217,TGGCGTATAA,A07,0,,
49,BD0067,0.74559194,0.245646698,0.007337641,0.001423721,CCAGAGGTAA,B07,0,,
50,BD0068,0.884970012,0.112702533,0.002327455,0,AAGGTGGTAA,C07,0,,
51,BD0069,0.981125601,0.016129032,0.00188744,0.000857927,GGCTAACTAA,D07,0,,
52,BD0070,0.394592432,0.461986967,0.100377272,0.043043329,ATCGGACTAA,E07,1,25.91,28.38
53,BD0071,0.014561567,0.6849479,0.131740688,0.168749845,CAACTCCTAA,F07,1,13.87,18.37
54,BD0072,0.931226039,0.060089195,0.008606525,7.82E-05,CGTCTGTTAA,G07,0,,
55,BD0073,0.548897212,0.116104869,0.334165626,0.000832293,GAGTATGCGA,H07,0,,
56,BD0074,0.953968829,0.032982965,0.010873505,0.002174701,TTCACGCCGA,A08,0,,
57,BD0075,0.953980198,0.045782178,0.000237624,0,AATTCCGTGA,B08,0,,
58,BD0076,0.833726415,0.028301887,0.137971698,0,GCGATTGACA,C08,0,,
59,BD0077,0.841,0.1275,0.03125,0.00025,TGCTTGCACA,D08,0,,
60,BD0078,0.741901501,0.159336318,0.089544377,0.009217804,TATGTAGGCA,E08,1,28.49,30.28
61,BD0079,0.097396768,0.72677651,0.100176638,0.075650084,GTTATACGCA,F08,1,22.55,26.15
62,BD0080,0.898731588,0.091448445,0.008387889,0.001432079,GTCTCATGCA,G08,0,,
63,BD0081,0.815272727,0.165333333,0.018666667,0.000727273,AAGACCATCA,H08,0,,
64,BD0082,0.885231317,0.105427046,0.009341637,0,GGCCTAGTCA,A09,0,,
65,BD0083,0.887861384,0.104935267,0.007203349,0,CTTGTGCTCA,B09,0,,
66,BD0084,0.467280678,0.523083472,0.00963585,0,AACAGGTTCA,C09,0,,
67,BD0085,0.925213675,0.071937322,0.002849003,0,TTGGAAGGTA,D09,0,,
68,BD0086,0.650374813,0.169715142,0.170914543,0.008995502,TCGTATCGTA,E09,1,29.63,31.69
69,BD0087,0.024657166,0.677599297,0.146454728,0.151288808,ACGCATACTA,F09,1,11.51,14.27
70,BD0088,0.909939205,0.077619115,0.012300297,0.000141383,GTCCTGGCTA,G09,0,,
71,BD0089,0.780168382,0.203149361,0.01637044,0.000311818,GTACCACCTA,H09,0,,
72,BD0090,0.940869565,0.01178744,0.046570048,0.000772947,GAACAGTCTA,A10,0,,
73,BD0091,0.980232558,0.011918605,0.00755814,0.000290698,GGCACCATTA,B10,0,,
74,BD0092,0.988492371,0.008663046,0.00155159,0.001292992,CCGGTTATTA,C10,0,,
75,BD0093,0.679261125,0.222502099,0.092359362,0.005877414,CATCCACTTA,D10,0,,
76,BD0094,0.949100735,0.029458669,0.02090901,0.000531585,AGGAAGCTTA,E10,1,32.7,35.85
77,BD0095,0.271743756,0.501220741,0.103998208,0.123037294,AGTTGCCTTA,F10,1,23.97,27.3
78,BD0096,0.908410015,0.053498823,0.037877167,0.000213995,GTGCTATTAG,G10,0,,
79,BD0097,0.725641429,0.084369589,0.189831576,0.000157406,GACATTGAGG,H10,0,,
80,BD0098,0.909442475,0.063809217,0.006767644,0.019980664,TTAGCTTAGG,A11,0,,
81,BD0099,0.947368421,0.040322581,0.012096774,0.000212224,TTCCTAACGG,B11,0,,
82,BD0100,0.638088615,0.325054639,0.036658057,0.000198689,ATACCGACGG,C11,0,,
83,BD0101,0.909357296,0.081656574,0.008400078,0.000586052,TGTAAGGCGG,D11,0,,
84,BD0102,0.761917778,0.18445222,0.053137984,0.000492018,ATTATGCCGG,E11,1,32.95,34.37
85,BD0103,0.037085483,0.714638511,0.114709668,0.133566338,TCTTCTCCGG,F11,1,22.39,25.44
86,BD0104,0.799650607,0.190143435,0.010114013,9.19E-05,TAAGAATCGG,G11,0,,
87,BD0105,0.586036392,0.018591772,0.394185127,0.001186709,GTTCGTTCGG,H11,0,,
88,BD0106,0.548988497,0.435343118,0.015470052,0.000198334,CTGTCGATGG,A12,0,,
89,BD0107,0.974649767,0.021347565,0.004002668,0,GCGCTTATGG,B12,0,,
90,BD0108,0.91078208,0.080485953,0.008099215,0.000632751,CATATAGTGG,C12,0,,
91,BD0109,0.920837377,0.050048523,0.0291141,0,GTAGTGGTGG,D12,0,,
92,BD0110,0.973837209,0.023628503,0.00208706,0.000447227,AAGTTACTGG,E12,1,32.4,35.65
93,BD0111,0.012708859,0.678758805,0.124493958,0.184038378,GTTAATCTGG,F12,1,16.76,19.85
94,BD0112,0.681764005,0.312826625,0.004584212,0.000825158,CATCGTCTGG,G12,0,,
95,BD0113,0.851084184,0.145727041,0.000637755,0.00255102,TCAGTTCGCG,H12,0,,
0,BD0018,0.586160223,0.408341088,0.004991118,0.000507571,CTCACCTCTA,A01,0,,
1,BD0019,0.738010305,0.25247721,0.009512485,0,GATCGCGTAA,B01,0,,
2,BD0020,0.592575015,0.405421083,0.001951168,5.27E-05,AGAGCCAGTA,C01,0,,
3,BD0021,0.353921351,0.636969562,0.008442568,0.000666519,GGAAGAAGAA,D01,0,,
4,BD0022,0.929448102,0.067869625,0.002600992,8.13E-05,CCTTGAAGAA,E01,0,,
5,BD0023,0.92422045,0.073966642,0.001812908,0,TTGCCAAGAA,F01,0,,
6,BD0024,0.40510083,0.43831554,0.15599051,0.00059312,AAGCGGAGAA,G01,0,,
7,BD0025,0.711387435,0.280868237,0.006326353,0.001417976,CGTAACAGAA,H01,0,,
8,BD0026,0.907012195,0.091158537,0.001829268,0,TGACTCAGAA,A02,0,,
9,BD0027,0.833617747,0.151023891,0.014505119,0.000853242,GCCAATAGAA,B02,0,,
10,BD0028,0.891705069,0.10483871,0.001920123,0.001536098,CGGTCTAGAA,C02,0,,
11,BD0029,0.728107345,0.267514124,0.004237288,0.000141243,CGACAAGGAA,D02,0,,
12,BD0030,0.768831634,0.226337449,0.004830918,0,ATGAGAGGAA,E02,0,,
13,BD0031,0.969377675,0.029634508,0.000987817,0,GGTTCAGGAA,F02,0,,
14,BD0032,0.645744331,0.272099901,0.082155767,0,ACCGTAGGAA,G02,0,,
15,BD0033,0.934638238,0.010835372,0.054002097,0.000524292,TCAACCGGAA,H02,0,,
16,BD0034,0.949340689,0.040231432,0.010427879,0,CTATTCGGAA,A03,0,,
17,BD0035,0.943561208,0.052066773,0.003974563,0.000397456,TTCTGTGGAA,B03,0,,
18,BD0036,0.859398125,0.138135175,0.0024667,0,GAACTTGGAA,C03,0,,
19,BD0037,0.835642082,0.161362785,0.002995133,0,TCTCAACGAA,D03,0,,
20,BD0038,0.791039427,0.194982079,0.013978495,0,AATGCACGAA,E03,0,,
21,BD0039,0.788776306,0.196674461,0.01376981,0.000779423,AGCCAGCGAA,F03,0,,
22,BD0040,0.685827815,0.269668874,0.042913907,0.001589404,CTTCGGCGAA,G03,0,,
23,BD0041,0.64206955,0.327396098,0.030534351,0,TAGGACCGAA,H03,0,,
24,BD0042,0.710436668,0.272530195,0.016104057,0.00092908,CCGAGTCGAA,A04,0,,
25,BD0043,0.910954301,0.082325269,0.00436828,0.002352151,ATGGTTCGAA,B04,0,,
26,BD0044,0.826515152,0.162121212,0.009848485,0.001515152,TGGTAGTGAA,C04,0,,
27,BD0045,0.59111827,0.402208928,0.004832029,0.001840773,TCCAGGTGAA,D04,0,,
28,BD0046,0.494117647,0.472689076,0.031512605,0.001680672,GCATGTTGAA,E04,0,,
29,BD0047,0.868479467,0.118201998,0.013318535,0,TCGAGAACAA,F04,0,,
30,BD0048,0.751651255,0.181638045,0.06340819,0.00330251,GACACAACAA,G04,0,,
31,BD0049,0.865310451,0.107597378,0.023428461,0.00366371,CAGAAGACAA,H04,0,,
32,BD0050,0.613612194,0.32045374,0.053172634,0.012761432,CCACGGACAA,A05,0,,
33,BD0051,0.9,0.088345865,0.009398496,0.002255639,GTTCCGACAA,B05,0,,
34,BD0052,0.835227273,0.159902597,0.00487013,0,TTGGTGACAA,C05,0,,
35,BD0053,0.730038023,0.243346008,0.026140684,0.000475285,ACAATGGCAA,D05,0,,
36,BD0054,0.732065906,0.243092522,0.021546261,0.003295311,CGCAGTGCAA,E05,0,,
37,BD0055,0.909220127,0.090400834,0.000379039,0,CCATAACCAA,F05,0,,
38,BD0056,0.948479428,0.048479428,0.003041145,0,AGTCTACCAA,G05,0,,
39,BD0057,0.725085911,0.132302405,0.139175258,0.003436426,GAAGCGCCAA,H05,0,,
40,BD0058,0.889153922,0.103549881,0.007155886,0.000140311,TACCTTCCAA,A06,0,,
41,BD0059,0.945424214,0.052192564,0.002383222,0,TCCGCATCAA,B06,0,,
42,BD0060,0.858024691,0.120276842,0.021698466,0,AGTACGTCAA,C06,0,,
43,BD0061,0.454545455,0.542664497,0.002208789,0.00058126,ACATCCTCAA,D06,0,,
44,BD0062,0.915596677,0.08081571,0.003398792,0.000188822,GGAGATTCAA,E06,0,,
45,BD0063,0.709957727,0.288163457,0.001878816,0,GGTGAGATAA,F06,0,,
46,BD0064,0.68200409,0.244376278,0.063394683,0.010224949,GCAACGATAA,G06,0,,
47,BD0065,0.304495335,0.574215437,0.111111111,0.010178117,CTAGGCATAA,H06,0,,
48,BD0066,0.782646048,0.151202749,0.060996564,0.005154639,TGGCGTATAA,A07,0,,
49,BD0067,0.526785714,0.463222789,0.009566327,0.00042517,CCAGAGGTAA,B07,0,,
50,BD0068,0.73184768,0.259581242,0.008571079,0,AAGGTGGTAA,C07,0,,
51,BD0069,0.919929866,0.074810053,0.001753361,0.003506721,GGCTAACTAA,D07,0,,
52,BD0070,0.751982851,0.244158628,0.002357985,0.001500536,ATCGGACTAA,E07,0,,
53,BD0071,0.621652037,0.330407382,0.046815215,0.001125366,CAACTCCTAA,F07,0,,
54,BD0072,0.857656116,0.140804106,0.001197605,0.000342173,CGTCTGTTAA,G07,0,,
55,BD0073,0.422488632,0.208350558,0.365026871,0.00413394,GAGTATGCGA,H07,0,,
56,BD0074,0.939019365,0.042851257,0.016481253,0.001648125,TTCACGCCGA,A08,0,,
57,BD0075,0.841998192,0.147151899,0.01084991,0,AATTCCGTGA,B08,0,,
58,BD0076,0.825717322,0.047821467,0.126461211,0,GCGATTGACA,C08,0,,
59,BD0077,0.845821692,0.137922276,0.01524003,0.001016002,TGCTTGCACA,D08,0,,
60,BD0078,0.883757135,0.098858329,0.005967826,0.01141671,TATGTAGGCA,E08,0,,
61,BD0079,0.564449064,0.074324324,0.360706861,0.000519751,GTTATACGCA,F08,0,,
62,BD0080,0.950361446,0.035180723,0.014216867,0.000240964,GTCTCATGCA,G08,0,,
63,BD0081,0.912635591,0.055408971,0.02785107,0.004104368,AAGACCATCA,H08,0,,
64,BD0082,0.908560311,0.082684825,0.007133593,0.001621271,GGCCTAGTCA,A09,1,33.56,36.59
65,BD0083,0.202964495,0.506032403,0.246604619,0.044398483,CTTGTGCTCA,B09,1,25.21,28.21
66,BD0084,0.011492083,0.748624495,0.112351687,0.127531734,AACAGGTTCA,C09,1,14.12,17.13
67,BD0085,0.551551095,0.403284672,0.04379562,0.001368613,TTGGAAGGTA,D09,1,31.17,34.12
68,BD0086,0.807881773,0.082019704,0.110098522,0,TCGTATCGTA,E09,0,,
69,BD0087,0.911598493,0.082077503,0.005920344,0.00040366,ACGCATACTA,F09,0,,
70,BD0088,0.730557467,0.225739849,0.043014453,0.000688231,GTCCTGGCTA,G09,0,,
71,BD0089,0.878469981,0.114751453,0.005326017,0.00145255,GTACCACCTA,H09,0,,
72,BD0090,0.964165302,0.030729217,0.005009151,9.63E-05,GAACAGTCTA,A10,1,29.81,32.26
73,BD0091,0.977251768,0.01690747,0.004918537,0.000922226,GGCACCATTA,B10,1,31.9,33.54
74,BD0092,0.961513995,0.021946565,0.002226463,0.014312977,CCGGTTATTA,C10,1,36.57,38.04
75,BD0093,0.064348925,0.034386852,0.898230088,0.003034134,CATCCACTTA,D10,1,29.6,26.86
76,BD0094,0.307555556,0.432,0.255111111,0.005333333,AGGAAGCTTA,E10,1,31.86,36.87
77,BD0095,0.012690104,0.623045908,0.229631464,0.134632525,AGTTGCCTTA,F10,1,12.23,15.67
78,BD0096,0.712429707,0.176847004,0.097149506,0.013573783,GTGCTATTAG,G10,1,28.89,31.19
79,BD0097,0.012880126,0.657619339,0.170493458,0.159007077,GACATTGAGG,H10,1,13.81,16.5
80,BD0098,0.94355385,0.040189659,0.006547753,0.009708738,TTAGCTTAGG,A11,1,31.81,32.79
81,BD0099,0.983734652,0.014511242,0.001594642,0.000159464,TTCCTAACGG,B11,1,29.33,31.54
82,BD0100,0.017008533,0.645284857,0.181882278,0.155824332,ATACCGACGG,C11,1,16.89,18.73
83,BD0101,0.039728768,0.590443142,0.252483048,0.117345042,TGTAAGGCGG,D11,1,20.21,21.54
84,BD0102,0.629346904,0.145963451,0.219831907,0.004857738,ATTATGCCGG,E11,1,30.62,29.74
85,BD0103,0.706011804,0.100530159,0.189056717,0.00440132,TCTTCTCCGG,F11,1,30.5,29.77
86,BD0104,0.143427764,0.595126897,0.146807595,0.114637744,TAAGAATCGG,G11,1,24.07,27.04
87,BD0105,0.075908679,0.61847853,0.185636968,0.119975824,GTTCGTTCGG,H11,1,21.9,24.9
88,BD0106,0.297855271,0.53564743,0.089479596,0.077017703,CTGTCGATGG,A12,1,25.66,29.29
89,BD0107,0.333685601,0.148745046,0.48348745,0.034081902,GCGCTTATGG,B12,1,27.69,28.15
90,BD0108,0.049474094,0.707454025,0.115202235,0.127869645,CATATAGTGG,C12,1,22.24,25.75
91,BD0109,0.017193659,0.697153368,0.113882806,0.171770167,GTAGTGGTGG,D12,1,17.07,20.84
92,BD0110,0.034754355,0.670121537,0.146914266,0.148209842,AAGTTACTGG,E12,1,22.12,24.34
93,BD0111,0.939192255,0.039177129,0.020420511,0.001210104,GTTAATCTGG,F12,1,30.56,34.08
94,BD0112,0.942970182,0.044002702,0.012351636,0.00067548,CATCGTCTGG,G12,1,30.95,33.85
95,BD0113,0.013903728,0.804592789,0.086841318,0.094662165,TCAGTTCGCG,H12,1,19.95,22.93
